sample_name	unit_name	fq1
A01_HS303P1HR0	plate1	/scratch/ac32082/03.FescueHeatStress/00.data/fescue_heat_rnaseq_raw_data/13672_1465_179075_AACFMTWM5_FescueStress1L_A01_HS303P1HR0_CAGCGT_R1.fastq.gz
A02_HS315P1HR0	plate1	/scratch/ac32082/03.FescueHeatStress/00.data/fescue_heat_rnaseq_raw_data/13672_1465_179075_AACFMTWM5_FescueStress1L_A02_HS315P1HR0_TCAGGA_R1.fastq.gz
A03_HS316P1HR0	plate1	/scratch/ac32082/03.FescueHeatStress/00.data/fescue_heat_rnaseq_raw_data/13672_1465_179075_AACFMTWM5_FescueStress1L_A03_HS316P1HR0_TCTTAA_R1.fastq.gz
A04_HS320P1HR0	plate1	/scratch/ac32082/03.FescueHeatStress/00.data/fescue_heat_rnaseq_raw_data/13672_1465_179075_AACFMTWM5_FescueStress1L_A04_HS320P1HR0_TTTATG_R1.fastq.gz
A05_NC303P1HR0	plate1	/scratch/ac32082/03.FescueHeatStress/00.data/fescue_heat_rnaseq_raw_data/13672_1465_179075_AACFMTWM5_FescueStress1L_A05_NC303P1HR0_AGATAG_R1.fastq.gz
A06_NC315P1HR0	plate1	/scratch/ac32082/03.FescueHeatStress/00.data/fescue_heat_rnaseq_raw_data/13672_1465_179075_AACFMTWM5_FescueStress1L_A06_NC315P1HR0_CTCTCG_R1.fastq.gz
A07_NC316P1HR0	plate1	/scratch/ac32082/03.FescueHeatStress/00.data/fescue_heat_rnaseq_raw_data/13672_1465_179075_AACFMTWM5_FescueStress1L_A07_NC316P1HR0_GTGCCA_R1.fastq.gz
A08_NC316N4HR0	plate1	/scratch/ac32082/03.FescueHeatStress/00.data/fescue_heat_rnaseq_raw_data/13672_1465_179075_AACFMTWM5_FescueStress1L_A08_NC316N4HR0_AGTACT_R1.fastq.gz
A09_NC320N4HR0	plate1	/scratch/ac32082/03.FescueHeatStress/00.data/fescue_heat_rnaseq_raw_data/13672_1465_179075_AACFMTWM5_FescueStress1L_A09_NC320N4HR0_AAGCTC_R1.fastq.gz
A10_HS303N4HR2	plate1	/scratch/ac32082/03.FescueHeatStress/00.data/fescue_heat_rnaseq_raw_data/13672_1465_179075_AACFMTWM5_FescueStress1L_A10_HS303N4HR2_GACATC_R1.fastq.gz
A11_HS315N4HR2	plate1	/scratch/ac32082/03.FescueHeatStress/00.data/fescue_heat_rnaseq_raw_data/13672_1465_179075_AACFMTWM5_FescueStress1L_A11_HS315N4HR2_GCAGCC_R1.fastq.gz
A12_HS316N4HR2	plate1	/scratch/ac32082/03.FescueHeatStress/00.data/fescue_heat_rnaseq_raw_data/13672_1465_179075_AACFMTWM5_FescueStress1L_A12_HS316N4HR2_CGCGGA_R1.fastq.gz
B01_HS303P2HR0	plate1	/scratch/ac32082/03.FescueHeatStress/00.data/fescue_heat_rnaseq_raw_data/13672_1465_179075_AACFMTWM5_FescueStress1L_B01_HS303P2HR0_GATCAC_R1.fastq.gz
B02_HS315P2HR0	plate1	/scratch/ac32082/03.FescueHeatStress/00.data/fescue_heat_rnaseq_raw_data/13672_1465_179075_AACFMTWM5_FescueStress1L_B02_HS315P2HR0_CGGTTA_R1.fastq.gz
B03_HS316P2HR0	plate1	/scratch/ac32082/03.FescueHeatStress/00.data/fescue_heat_rnaseq_raw_data/13672_1465_179075_AACFMTWM5_FescueStress1L_B03_HS316P2HR0_GTCAGG_R1.fastq.gz
B04_HS320P2HR0	plate1	/scratch/ac32082/03.FescueHeatStress/00.data/fescue_heat_rnaseq_raw_data/13672_1465_179075_AACFMTWM5_FescueStress1L_B04_HS320P2HR0_AACGCC_R1.fastq.gz
B05_NC303P2HR0	plate1	/scratch/ac32082/03.FescueHeatStress/00.data/fescue_heat_rnaseq_raw_data/13672_1465_179075_AACFMTWM5_FescueStress1L_B05_NC303P2HR0_TTGGTA_R1.fastq.gz
B06_NC315P2HR0	plate1	/scratch/ac32082/03.FescueHeatStress/00.data/fescue_heat_rnaseq_raw_data/13672_1465_179075_AACFMTWM5_FescueStress1L_B06_NC315P2HR0_TGACAC_R1.fastq.gz
B07_NC316P2HR0	plate1	/scratch/ac32082/03.FescueHeatStress/00.data/fescue_heat_rnaseq_raw_data/13672_1465_179075_AACFMTWM5_FescueStress1L_B07_NC316P2HR0_TCGAGG_R1.fastq.gz
B08_NC320P1HR0	plate1	/scratch/ac32082/03.FescueHeatStress/00.data/fescue_heat_rnaseq_raw_data/13672_1465_179075_AACFMTWM5_FescueStress1L_B08_NC320P1HR0_ATAAGA_R1.fastq.gz
B09_HS303P1HR2	plate1	/scratch/ac32082/03.FescueHeatStress/00.data/fescue_heat_rnaseq_raw_data/13672_1465_179075_AACFMTWM5_FescueStress1L_B09_HS303P1HR2_GACGAT_R1.fastq.gz
B10_HS315P1HR2	plate1	/scratch/ac32082/03.FescueHeatStress/00.data/fescue_heat_rnaseq_raw_data/13672_1465_179075_AACFMTWM5_FescueStress1L_B10_HS315P1HR2_CGATCT_R1.fastq.gz
B11_HS316P1HR2	plate1	/scratch/ac32082/03.FescueHeatStress/00.data/fescue_heat_rnaseq_raw_data/13672_1465_179075_AACFMTWM5_FescueStress1L_B11_HS316P1HR2_ACTCTT_R1.fastq.gz
B12_HS320P1HR2	plate1	/scratch/ac32082/03.FescueHeatStress/00.data/fescue_heat_rnaseq_raw_data/13672_1465_179075_AACFMTWM5_FescueStress1L_B12_HS320P1HR2_CCTGCT_R1.fastq.gz
C01_HS303P3HR0	plate1	/scratch/ac32082/03.FescueHeatStress/00.data/fescue_heat_rnaseq_raw_data/13672_1465_179075_AACFMTWM5_FescueStress1L_C01_HS303P3HR0_ACCAGT_R1.fastq.gz
C02_HS315P3HR0	plate1	/scratch/ac32082/03.FescueHeatStress/00.data/fescue_heat_rnaseq_raw_data/13672_1465_179075_AACFMTWM5_FescueStress1L_C02_HS315P3HR0_TTAACT_R1.fastq.gz
C03_HS316P3HR0	plate1	/scratch/ac32082/03.FescueHeatStress/00.data/fescue_heat_rnaseq_raw_data/13672_1465_179075_AACFMTWM5_FescueStress1L_C03_HS316P3HR0_ATACTG_R1.fastq.gz
C04_HS320P3HR0	plate1	/scratch/ac32082/03.FescueHeatStress/00.data/fescue_heat_rnaseq_raw_data/13672_1465_179075_AACFMTWM5_FescueStress1L_C04_HS320P3HR0_CAAGCA_R1.fastq.gz
C05_NC303P3HR0	plate1	/scratch/ac32082/03.FescueHeatStress/00.data/fescue_heat_rnaseq_raw_data/13672_1465_179075_AACFMTWM5_FescueStress1L_C05_NC303P3HR0_GTTACC_R1.fastq.gz
C06_NC315P3HR0	plate1	/scratch/ac32082/03.FescueHeatStress/00.data/fescue_heat_rnaseq_raw_data/13672_1465_179075_AACFMTWM5_FescueStress1L_C06_NC315P3HR0_AAGACA_R1.fastq.gz
C07_NC316P3HR0	plate1	/scratch/ac32082/03.FescueHeatStress/00.data/fescue_heat_rnaseq_raw_data/13672_1465_179075_AACFMTWM5_FescueStress1L_C07_NC316P3HR0_CACTAA_R1.fastq.gz
C08_NC320P2HR0	plate1	/scratch/ac32082/03.FescueHeatStress/00.data/fescue_heat_rnaseq_raw_data/13672_1465_179075_AACFMTWM5_FescueStress1L_C08_NC320P2HR0_GGTGAG_R1.fastq.gz
C09_HS303P2HR2	plate1	/scratch/ac32082/03.FescueHeatStress/00.data/fescue_heat_rnaseq_raw_data/13672_1465_179075_AACFMTWM5_FescueStress1L_C09_HS303P2HR2_TCGTTC_R1.fastq.gz
C10_HS315P2HR2	plate1	/scratch/ac32082/03.FescueHeatStress/00.data/fescue_heat_rnaseq_raw_data/13672_1465_179075_AACFMTWM5_FescueStress1L_C10_HS315P2HR2_CGTCGC_R1.fastq.gz
C11_HS316P2HR2	plate1	/scratch/ac32082/03.FescueHeatStress/00.data/fescue_heat_rnaseq_raw_data/13672_1465_179075_AACFMTWM5_FescueStress1L_C11_HS316P2HR2_TGCTAT_R1.fastq.gz
C12_HS320P2HR2	plate1	/scratch/ac32082/03.FescueHeatStress/00.data/fescue_heat_rnaseq_raw_data/13672_1465_179075_AACFMTWM5_FescueStress1L_C12_HS320P2HR2_GCGCTG_R1.fastq.gz
D01_HS303P4HR0	plate1	/scratch/ac32082/03.FescueHeatStress/00.data/fescue_heat_rnaseq_raw_data/13672_1465_179075_AACFMTWM5_FescueStress1L_D01_HS303P4HR0_TGCACG_R1.fastq.gz
D02_HS315P4HR0	plate1	/scratch/ac32082/03.FescueHeatStress/00.data/fescue_heat_rnaseq_raw_data/13672_1465_179075_AACFMTWM5_FescueStress1L_D02_HS315P4HR0_ATGAAC_R1.fastq.gz
D03_HS316P4HR0	plate1	/scratch/ac32082/03.FescueHeatStress/00.data/fescue_heat_rnaseq_raw_data/13672_1465_179075_AACFMTWM5_FescueStress1L_D03_HS316P4HR0_TATGTC_R1.fastq.gz
D04_HS320P4HR0	plate1	/scratch/ac32082/03.FescueHeatStress/00.data/fescue_heat_rnaseq_raw_data/13672_1465_179075_AACFMTWM5_FescueStress1L_D04_HS320P4HR0_GCTCGA_R1.fastq.gz
D05_NC303P4HR0	plate1	/scratch/ac32082/03.FescueHeatStress/00.data/fescue_heat_rnaseq_raw_data/13672_1465_179075_AACFMTWM5_FescueStress1L_D05_NC303P4HR0_CGCAAC_R1.fastq.gz
D06_NC315P4HR0	plate1	/scratch/ac32082/03.FescueHeatStress/00.data/fescue_heat_rnaseq_raw_data/13672_1465_179075_AACFMTWM5_FescueStress1L_D06_NC315P4HR0_ACAGAT_R1.fastq.gz
D07_NC316P4HR0	plate1	/scratch/ac32082/03.FescueHeatStress/00.data/fescue_heat_rnaseq_raw_data/13672_1465_179075_AACFMTWM5_FescueStress1L_D07_NC316P4HR0_GGTATA_R1.fastq.gz
D08_NC320P3HR0	plate1	/scratch/ac32082/03.FescueHeatStress/00.data/fescue_heat_rnaseq_raw_data/13672_1465_179075_AACFMTWM5_FescueStress1L_D08_NC320P3HR0_TTCCGC_R1.fastq.gz
D09_HS303P3HR2	plate1	/scratch/ac32082/03.FescueHeatStress/00.data/fescue_heat_rnaseq_raw_data/13672_1465_179075_AACFMTWM5_FescueStress1L_D09_HS303P3HR2_CCAATT_R1.fastq.gz
D10_HS315P3HR2	plate1	/scratch/ac32082/03.FescueHeatStress/00.data/fescue_heat_rnaseq_raw_data/13672_1465_179075_AACFMTWM5_FescueStress1L_D10_HS315P3HR2_ATGGCG_R1.fastq.gz
D11_HS316P3HR2	plate1	/scratch/ac32082/03.FescueHeatStress/00.data/fescue_heat_rnaseq_raw_data/13672_1465_179075_AACFMTWM5_FescueStress1L_D11_HS316P3HR2_AAGTGG_R1.fastq.gz
D12_HS320P3HR2	plate1	/scratch/ac32082/03.FescueHeatStress/00.data/fescue_heat_rnaseq_raw_data/13672_1465_179075_AACFMTWM5_FescueStress1L_D12_HS320P3HR2_GAACCT_R1.fastq.gz
E01_HS303N1HR0	plate1	/scratch/ac32082/03.FescueHeatStress/00.data/fescue_heat_rnaseq_raw_data/13672_1465_179075_AACFMTWM5_FescueStress1L_E01_HS303N1HR0_ACATTA_R1.fastq.gz
E02_HS315N1HR0	plate1	/scratch/ac32082/03.FescueHeatStress/00.data/fescue_heat_rnaseq_raw_data/13672_1465_179075_AACFMTWM5_FescueStress1L_E02_HS315N1HR0_CCTAAG_R1.fastq.gz
E03_HS316N1HR0	plate1	/scratch/ac32082/03.FescueHeatStress/00.data/fescue_heat_rnaseq_raw_data/13672_1465_179075_AACFMTWM5_FescueStress1L_E03_HS316N1HR0_GAGTCC_R1.fastq.gz
E04_HS320N1HR0	plate1	/scratch/ac32082/03.FescueHeatStress/00.data/fescue_heat_rnaseq_raw_data/13672_1465_179075_AACFMTWM5_FescueStress1L_E04_HS320N1HR0_GCGAAT_R1.fastq.gz
E05_NC303N1HR0	plate1	/scratch/ac32082/03.FescueHeatStress/00.data/fescue_heat_rnaseq_raw_data/13672_1465_179075_AACFMTWM5_FescueStress1L_E05_NC303N1HR0_TGGCGA_R1.fastq.gz
E06_NC315N1HR0	plate1	/scratch/ac32082/03.FescueHeatStress/00.data/fescue_heat_rnaseq_raw_data/13672_1465_179075_AACFMTWM5_FescueStress1L_E06_NC315N1HR0_TAGGCT_R1.fastq.gz
E07_NC316N1HR0	plate1	/scratch/ac32082/03.FescueHeatStress/00.data/fescue_heat_rnaseq_raw_data/13672_1465_179075_AACFMTWM5_FescueStress1L_E07_NC316N1HR0_CGCCTG_R1.fastq.gz
E08_NC320P4HR0	plate1	/scratch/ac32082/03.FescueHeatStress/00.data/fescue_heat_rnaseq_raw_data/13672_1465_179075_AACFMTWM5_FescueStress1L_E08_NC320P4HR0_GAAGTG_R1.fastq.gz
E09_HS303P4HR2	plate1	/scratch/ac32082/03.FescueHeatStress/00.data/fescue_heat_rnaseq_raw_data/13672_1465_179075_AACFMTWM5_FescueStress1L_E09_HS303P4HR2_AGTTGA_R1.fastq.gz
E10_HS315P4HR2	plate1	/scratch/ac32082/03.FescueHeatStress/00.data/fescue_heat_rnaseq_raw_data/13672_1465_179075_AACFMTWM5_FescueStress1L_E10_HS315P4HR2_ATTGGT_R1.fastq.gz
E11_HS316P4HR2	plate1	/scratch/ac32082/03.FescueHeatStress/00.data/fescue_heat_rnaseq_raw_data/13672_1465_179075_AACFMTWM5_FescueStress1L_E11_HS316P4HR2_CTCATA_R1.fastq.gz
E12_HS320P4HR2	plate1	/scratch/ac32082/03.FescueHeatStress/00.data/fescue_heat_rnaseq_raw_data/13672_1465_179075_AACFMTWM5_FescueStress1L_E12_HS320P4HR2_TTCGAG_R1.fastq.gz
F01_HS303N2HR0	plate1	/scratch/ac32082/03.FescueHeatStress/00.data/fescue_heat_rnaseq_raw_data/13672_1465_179075_AACFMTWM5_FescueStress1L_F01_HS303N2HR0_GTGTAG_R1.fastq.gz
F02_HS315N2HR0	plate1	/scratch/ac32082/03.FescueHeatStress/00.data/fescue_heat_rnaseq_raw_data/13672_1465_179075_AACFMTWM5_FescueStress1L_F02_HS315N2HR0_AATCCG_R1.fastq.gz
F03_HS316N2HR0	plate1	/scratch/ac32082/03.FescueHeatStress/00.data/fescue_heat_rnaseq_raw_data/13672_1465_179075_AACFMTWM5_FescueStress1L_F03_HS316N2HR0_GGAGGT_R1.fastq.gz
F04_HS320N2HR0	plate1	/scratch/ac32082/03.FescueHeatStress/00.data/fescue_heat_rnaseq_raw_data/13672_1465_179075_AACFMTWM5_FescueStress1L_F04_HS320N2HR0_TGGATT_R1.fastq.gz
F05_NC303N2HR0	plate1	/scratch/ac32082/03.FescueHeatStress/00.data/fescue_heat_rnaseq_raw_data/13672_1465_179075_AACFMTWM5_FescueStress1L_F05_NC303N2HR0_ACCGTG_R1.fastq.gz
F06_NC315N2HR0	plate1	/scratch/ac32082/03.FescueHeatStress/00.data/fescue_heat_rnaseq_raw_data/13672_1465_179075_AACFMTWM5_FescueStress1L_F06_NC315N2HR0_CTCCAT_R1.fastq.gz
F08_NC320N1HR0	plate1	/scratch/ac32082/03.FescueHeatStress/00.data/fescue_heat_rnaseq_raw_data/13672_1465_179075_AACFMTWM5_FescueStress1L_F08_NC320N1HR0_CAATGC_R1.fastq.gz
F09_HS303N1HR2	plate1	/scratch/ac32082/03.FescueHeatStress/00.data/fescue_heat_rnaseq_raw_data/13672_1465_179075_AACFMTWM5_FescueStress1L_F09_HS303N1HR2_AACCGA_R1.fastq.gz
F10_HS315N1HR2	plate1	/scratch/ac32082/03.FescueHeatStress/00.data/fescue_heat_rnaseq_raw_data/13672_1465_179075_AACFMTWM5_FescueStress1L_F10_HS315N1HR2_GCCACA_R1.fastq.gz
F11_HS316N1HR2	plate1	/scratch/ac32082/03.FescueHeatStress/00.data/fescue_heat_rnaseq_raw_data/13672_1465_179075_AACFMTWM5_FescueStress1L_F11_HS316N1HR2_CCGACC_R1.fastq.gz
F12_HS320N1HR2	plate1	/scratch/ac32082/03.FescueHeatStress/00.data/fescue_heat_rnaseq_raw_data/13672_1465_179075_AACFMTWM5_FescueStress1L_F12_HS320N1HR2_AGAATC_R1.fastq.gz
G01_HS303N3HR0	plate1	/scratch/ac32082/03.FescueHeatStress/00.data/fescue_heat_rnaseq_raw_data/13672_1465_179075_AACFMTWM5_FescueStress1L_G01_HS303N3HR0_CTAGTC_R1.fastq.gz
G02_HS315N3HR0	plate1	/scratch/ac32082/03.FescueHeatStress/00.data/fescue_heat_rnaseq_raw_data/13672_1465_179075_AACFMTWM5_FescueStress1L_G02_HS315N3HR0_GGCTGC_R1.fastq.gz
G03_HS316N3HR0	plate1	/scratch/ac32082/03.FescueHeatStress/00.data/fescue_heat_rnaseq_raw_data/13672_1465_179075_AACFMTWM5_FescueStress1L_G03_HS316N3HR0_CACACT_R1.fastq.gz
G04_HS320N3HR0	plate1	/scratch/ac32082/03.FescueHeatStress/00.data/fescue_heat_rnaseq_raw_data/13672_1465_179075_AACFMTWM5_FescueStress1L_G04_HS320N3HR0_ACCTAC_R1.fastq.gz
G05_NC303N3HR0	plate1	/scratch/ac32082/03.FescueHeatStress/00.data/fescue_heat_rnaseq_raw_data/13672_1465_179075_AACFMTWM5_FescueStress1L_G05_NC303N3HR0_CAACAG_R1.fastq.gz
G06_NC315N3HR0	plate1	/scratch/ac32082/03.FescueHeatStress/00.data/fescue_heat_rnaseq_raw_data/13672_1465_179075_AACFMTWM5_FescueStress1L_G06_NC315N3HR0_GCATGG_R1.fastq.gz
G07_NC316N2HR0	plate1	/scratch/ac32082/03.FescueHeatStress/00.data/fescue_heat_rnaseq_raw_data/13672_1465_179075_AACFMTWM5_FescueStress1L_G07_NC316N2HR0_ACAACG_R1.fastq.gz
G08_NC320N2HR0	plate1	/scratch/ac32082/03.FescueHeatStress/00.data/fescue_heat_rnaseq_raw_data/13672_1465_179075_AACFMTWM5_FescueStress1L_G08_NC320N2HR0_ACGTCT_R1.fastq.gz
G09_HS303N2HR2	plate1	/scratch/ac32082/03.FescueHeatStress/00.data/fescue_heat_rnaseq_raw_data/13672_1465_179075_AACFMTWM5_FescueStress1L_G09_HS303N2HR2_CAGATG_R1.fastq.gz
G10_HS315N2HR2	plate1	/scratch/ac32082/03.FescueHeatStress/00.data/fescue_heat_rnaseq_raw_data/13672_1465_179075_AACFMTWM5_FescueStress1L_G10_HS315N2HR2_CATCTA_R1.fastq.gz
G11_HS316N2HR2	plate1	/scratch/ac32082/03.FescueHeatStress/00.data/fescue_heat_rnaseq_raw_data/13672_1465_179075_AACFMTWM5_FescueStress1L_G11_HS316N2HR2_GGCCAA_R1.fastq.gz
G12_HS320N2HR2	plate1	/scratch/ac32082/03.FescueHeatStress/00.data/fescue_heat_rnaseq_raw_data/13672_1465_179075_AACFMTWM5_FescueStress1L_G12_HS320N2HR2_AGGCAT_R1.fastq.gz
H01_HS303N4HR0	plate1	/scratch/ac32082/03.FescueHeatStress/00.data/fescue_heat_rnaseq_raw_data/13672_1465_179075_AACFMTWM5_FescueStress1L_H01_HS303N4HR0_TGTGCA_R1.fastq.gz
H02_HS315N4HR0	plate1	/scratch/ac32082/03.FescueHeatStress/00.data/fescue_heat_rnaseq_raw_data/13672_1465_179075_AACFMTWM5_FescueStress1L_H02_HS315N4HR0_TACCTT_R1.fastq.gz
H03_HS316N4HR0	plate1	/scratch/ac32082/03.FescueHeatStress/00.data/fescue_heat_rnaseq_raw_data/13672_1465_179075_AACFMTWM5_FescueStress1L_H03_HS316N4HR0_CCGCAA_R1.fastq.gz
H04_HS320N4HR0	plate1	/scratch/ac32082/03.FescueHeatStress/00.data/fescue_heat_rnaseq_raw_data/13672_1465_179075_AACFMTWM5_FescueStress1L_H04_HS320N4HR0_CGAAGG_R1.fastq.gz
H05_NC303N4HR0	plate1	/scratch/ac32082/03.FescueHeatStress/00.data/fescue_heat_rnaseq_raw_data/13672_1465_179075_AACFMTWM5_FescueStress1L_H05_NC303N4HR0_GATTGT_R1.fastq.gz
H06_NC315N4HR0	plate1	/scratch/ac32082/03.FescueHeatStress/00.data/fescue_heat_rnaseq_raw_data/13672_1465_179075_AACFMTWM5_FescueStress1L_H06_NC315N4HR0_AATAGC_R1.fastq.gz
H07_NC316N3HR0	plate1	/scratch/ac32082/03.FescueHeatStress/00.data/fescue_heat_rnaseq_raw_data/13672_1465_179075_AACFMTWM5_FescueStress1L_H07_NC316N3HR0_ATATCC_R1.fastq.gz
H08_NC320N3HR0	plate1	/scratch/ac32082/03.FescueHeatStress/00.data/fescue_heat_rnaseq_raw_data/13672_1465_179075_AACFMTWM5_FescueStress1L_H08_NC320N3HR0_CAGGAC_R1.fastq.gz
H09_HS303N3HR2	plate1	/scratch/ac32082/03.FescueHeatStress/00.data/fescue_heat_rnaseq_raw_data/13672_1465_179075_AACFMTWM5_FescueStress1L_H09_HS303N3HR2_GTAGAA_R1.fastq.gz
H10_HS315N3HR2	plate1	/scratch/ac32082/03.FescueHeatStress/00.data/fescue_heat_rnaseq_raw_data/13672_1465_179075_AACFMTWM5_FescueStress1L_H10_HS315N3HR2_AACAAG_R1.fastq.gz
H11_HS316N3HR2	plate1	/scratch/ac32082/03.FescueHeatStress/00.data/fescue_heat_rnaseq_raw_data/13672_1465_179075_AACFMTWM5_FescueStress1L_H11_HS316N3HR2_AGACCA_R1.fastq.gz
H12_HS320N3HR2	plate1	/scratch/ac32082/03.FescueHeatStress/00.data/fescue_heat_rnaseq_raw_data/13672_1465_179075_AACFMTWM5_FescueStress1L_H12_HS320N3HR2_ACACGC_R1.fastq.gz
A01_HS320N4HR2	plate2	/scratch/ac32082/03.FescueHeatStress/00.data/fescue_heat_rnaseq_raw_data/13673_1465_179077_AAC732NM5_FescueStress2L_A01_HS320N4HR2_CAGCGT_R1.fastq.gz
A02_NC303N4HR2	plate2	/scratch/ac32082/03.FescueHeatStress/00.data/fescue_heat_rnaseq_raw_data/13673_1465_179077_AAC732NM5_FescueStress2L_A02_NC303N4HR2_TCAGGA_R1.fastq.gz
A03_NC315N4HR2	plate2	/scratch/ac32082/03.FescueHeatStress/00.data/fescue_heat_rnaseq_raw_data/13673_1465_179077_AAC732NM5_FescueStress2L_A03_NC315N4HR2_TCTTAA_R1.fastq.gz
A04_NC316N4HR2	plate2	/scratch/ac32082/03.FescueHeatStress/00.data/fescue_heat_rnaseq_raw_data/13673_1465_179077_AAC732NM5_FescueStress2L_A04_NC316N4HR2_TTTATG_R1.fastq.gz
A05_NC320N3HR2	plate2	/scratch/ac32082/03.FescueHeatStress/00.data/fescue_heat_rnaseq_raw_data/13673_1465_179077_AAC732NM5_FescueStress2L_A05_NC320N3HR2_AGATAG_R1.fastq.gz
A06_HS303N3HR12	plate2	/scratch/ac32082/03.FescueHeatStress/00.data/fescue_heat_rnaseq_raw_data/13673_1465_179077_AAC732NM5_FescueStress2L_A06_HS303N3HR12_CTCTCG_R1.fastq.gz
A07_HS315N3HR12	plate2	/scratch/ac32082/03.FescueHeatStress/00.data/fescue_heat_rnaseq_raw_data/13673_1465_179077_AAC732NM5_FescueStress2L_A07_HS315N3HR12_GTGCCA_R1.fastq.gz
A08_HS316N3HR12	plate2	/scratch/ac32082/03.FescueHeatStress/00.data/fescue_heat_rnaseq_raw_data/13673_1465_179077_AAC732NM5_FescueStress2L_A08_HS316N3HR12_AGTACT_R1.fastq.gz
A09_HS320N3HR12	plate2	/scratch/ac32082/03.FescueHeatStress/00.data/fescue_heat_rnaseq_raw_data/13673_1465_179077_AAC732NM5_FescueStress2L_A09_HS320N3HR12_AAGCTC_R1.fastq.gz
A10_NC303N3HR12	plate2	/scratch/ac32082/03.FescueHeatStress/00.data/fescue_heat_rnaseq_raw_data/13673_1465_179077_AAC732NM5_FescueStress2L_A10_NC303N3HR12_GACATC_R1.fastq.gz
A11_NC315N3HR12	plate2	/scratch/ac32082/03.FescueHeatStress/00.data/fescue_heat_rnaseq_raw_data/13673_1465_179077_AAC732NM5_FescueStress2L_A11_NC315N3HR12_GCAGCC_R1.fastq.gz
A12_NC316N3HR12	plate2	/scratch/ac32082/03.FescueHeatStress/00.data/fescue_heat_rnaseq_raw_data/13673_1465_179077_AAC732NM5_FescueStress2L_A12_NC316N3HR12_CGCGGA_R1.fastq.gz
B01_NC303P1HR2	plate2	/scratch/ac32082/03.FescueHeatStress/00.data/fescue_heat_rnaseq_raw_data/13673_1465_179077_AAC732NM5_FescueStress2L_B01_NC303P1HR2_GATCAC_R1.fastq.gz
B02_NC315P1HR2	plate2	/scratch/ac32082/03.FescueHeatStress/00.data/fescue_heat_rnaseq_raw_data/13673_1465_179077_AAC732NM5_FescueStress2L_B02_NC315P1HR2_CGGTTA_R1.fastq.gz
B03_NC316P1HR2	plate2	/scratch/ac32082/03.FescueHeatStress/00.data/fescue_heat_rnaseq_raw_data/13673_1465_179077_AAC732NM5_FescueStress2L_B03_NC316P1HR2_GTCAGG_R1.fastq.gz
B05_NC320N4HR2	plate2	/scratch/ac32082/03.FescueHeatStress/00.data/fescue_heat_rnaseq_raw_data/13673_1465_179077_AAC732NM5_FescueStress2L_B05_NC320N4HR2_TTGGTA_R1.fastq.gz
B06_HS303N4HR12	plate2	/scratch/ac32082/03.FescueHeatStress/00.data/fescue_heat_rnaseq_raw_data/13673_1465_179077_AAC732NM5_FescueStress2L_B06_HS303N4HR12_TGACAC_R1.fastq.gz
B07_HS315N4HR12	plate2	/scratch/ac32082/03.FescueHeatStress/00.data/fescue_heat_rnaseq_raw_data/13673_1465_179077_AAC732NM5_FescueStress2L_B07_HS315N4HR12_TCGAGG_R1.fastq.gz
B08_HS316N4HR12	plate2	/scratch/ac32082/03.FescueHeatStress/00.data/fescue_heat_rnaseq_raw_data/13673_1465_179077_AAC732NM5_FescueStress2L_B08_HS316N4HR12_ATAAGA_R1.fastq.gz
B09_HS320N4HR12	plate2	/scratch/ac32082/03.FescueHeatStress/00.data/fescue_heat_rnaseq_raw_data/13673_1465_179077_AAC732NM5_FescueStress2L_B09_HS320N4HR12_GACGAT_R1.fastq.gz
B10_NC303N4HR12	plate2	/scratch/ac32082/03.FescueHeatStress/00.data/fescue_heat_rnaseq_raw_data/13673_1465_179077_AAC732NM5_FescueStress2L_B10_NC303N4HR12_CGATCT_R1.fastq.gz
B11_NC315N4HR12	plate2	/scratch/ac32082/03.FescueHeatStress/00.data/fescue_heat_rnaseq_raw_data/13673_1465_179077_AAC732NM5_FescueStress2L_B11_NC315N4HR12_ACTCTT_R1.fastq.gz
B12_NC316N4HR12	plate2	/scratch/ac32082/03.FescueHeatStress/00.data/fescue_heat_rnaseq_raw_data/13673_1465_179077_AAC732NM5_FescueStress2L_B12_NC316N4HR12_CCTGCT_R1.fastq.gz
C01_NC303P2HR2	plate2	/scratch/ac32082/03.FescueHeatStress/00.data/fescue_heat_rnaseq_raw_data/13673_1465_179077_AAC732NM5_FescueStress2L_C01_NC303P2HR2_ACCAGT_R1.fastq.gz
C02_NC315P2HR2	plate2	/scratch/ac32082/03.FescueHeatStress/00.data/fescue_heat_rnaseq_raw_data/13673_1465_179077_AAC732NM5_FescueStress2L_C02_NC315P2HR2_TTAACT_R1.fastq.gz
C03_NC316P2HR2	plate2	/scratch/ac32082/03.FescueHeatStress/00.data/fescue_heat_rnaseq_raw_data/13673_1465_179077_AAC732NM5_FescueStress2L_C03_NC316P2HR2_ATACTG_R1.fastq.gz
C04_NC320P1HR2	plate2	/scratch/ac32082/03.FescueHeatStress/00.data/fescue_heat_rnaseq_raw_data/13673_1465_179077_AAC732NM5_FescueStress2L_C04_NC320P1HR2_CAAGCA_R1.fastq.gz
C05_HS303P1HR12	plate2	/scratch/ac32082/03.FescueHeatStress/00.data/fescue_heat_rnaseq_raw_data/13673_1465_179077_AAC732NM5_FescueStress2L_C05_HS303P1HR12_GTTACC_R1.fastq.gz
C06_HS315P1HR12	plate2	/scratch/ac32082/03.FescueHeatStress/00.data/fescue_heat_rnaseq_raw_data/13673_1465_179077_AAC732NM5_FescueStress2L_C06_HS315P1HR12_AAGACA_R1.fastq.gz
C07_HS316P1HR12	plate2	/scratch/ac32082/03.FescueHeatStress/00.data/fescue_heat_rnaseq_raw_data/13673_1465_179077_AAC732NM5_FescueStress2L_C07_HS316P1HR12_CACTAA_R1.fastq.gz
C08_HS320P1HR12	plate2	/scratch/ac32082/03.FescueHeatStress/00.data/fescue_heat_rnaseq_raw_data/13673_1465_179077_AAC732NM5_FescueStress2L_C08_HS320P1HR12_GGTGAG_R1.fastq.gz
C09_NC303P1HR12	plate2	/scratch/ac32082/03.FescueHeatStress/00.data/fescue_heat_rnaseq_raw_data/13673_1465_179077_AAC732NM5_FescueStress2L_C09_NC303P1HR12_TCGTTC_R1.fastq.gz
C10_NC315P1HR12	plate2	/scratch/ac32082/03.FescueHeatStress/00.data/fescue_heat_rnaseq_raw_data/13673_1465_179077_AAC732NM5_FescueStress2L_C10_NC315P1HR12_CGTCGC_R1.fastq.gz
C11_NC316P1HR12	plate2	/scratch/ac32082/03.FescueHeatStress/00.data/fescue_heat_rnaseq_raw_data/13673_1465_179077_AAC732NM5_FescueStress2L_C11_NC316P1HR12_TGCTAT_R1.fastq.gz
C12_NC320P1HR12	plate2	/scratch/ac32082/03.FescueHeatStress/00.data/fescue_heat_rnaseq_raw_data/13673_1465_179077_AAC732NM5_FescueStress2L_C12_NC320P1HR12_GCGCTG_R1.fastq.gz
D01_NC303P3HR2	plate2	/scratch/ac32082/03.FescueHeatStress/00.data/fescue_heat_rnaseq_raw_data/13673_1465_179077_AAC732NM5_FescueStress2L_D01_NC303P3HR2_TGCACG_R1.fastq.gz
D02_NC315P3HR2	plate2	/scratch/ac32082/03.FescueHeatStress/00.data/fescue_heat_rnaseq_raw_data/13673_1465_179077_AAC732NM5_FescueStress2L_D02_NC315P3HR2_ATGAAC_R1.fastq.gz
D03_NC316P3HR2	plate2	/scratch/ac32082/03.FescueHeatStress/00.data/fescue_heat_rnaseq_raw_data/13673_1465_179077_AAC732NM5_FescueStress2L_D03_NC316P3HR2_TATGTC_R1.fastq.gz
D04_NC320P2HR2	plate2	/scratch/ac32082/03.FescueHeatStress/00.data/fescue_heat_rnaseq_raw_data/13673_1465_179077_AAC732NM5_FescueStress2L_D04_NC320P2HR2_GCTCGA_R1.fastq.gz
D05_HS303P2HR12	plate2	/scratch/ac32082/03.FescueHeatStress/00.data/fescue_heat_rnaseq_raw_data/13673_1465_179077_AAC732NM5_FescueStress2L_D05_HS303P2HR12_CGCAAC_R1.fastq.gz
D06_HS315P2HR12	plate2	/scratch/ac32082/03.FescueHeatStress/00.data/fescue_heat_rnaseq_raw_data/13673_1465_179077_AAC732NM5_FescueStress2L_D06_HS315P2HR12_ACAGAT_R1.fastq.gz
D07_HS316P2HR12	plate2	/scratch/ac32082/03.FescueHeatStress/00.data/fescue_heat_rnaseq_raw_data/13673_1465_179077_AAC732NM5_FescueStress2L_D07_HS316P2HR12_GGTATA_R1.fastq.gz
D08_HS320P2HR12	plate2	/scratch/ac32082/03.FescueHeatStress/00.data/fescue_heat_rnaseq_raw_data/13673_1465_179077_AAC732NM5_FescueStress2L_D08_HS320P2HR12_TTCCGC_R1.fastq.gz
D09_NC303P2HR12	plate2	/scratch/ac32082/03.FescueHeatStress/00.data/fescue_heat_rnaseq_raw_data/13673_1465_179077_AAC732NM5_FescueStress2L_D09_NC303P2HR12_CCAATT_R1.fastq.gz
D10_NC315P2HR12	plate2	/scratch/ac32082/03.FescueHeatStress/00.data/fescue_heat_rnaseq_raw_data/13673_1465_179077_AAC732NM5_FescueStress2L_D10_NC315P2HR12_ATGGCG_R1.fastq.gz
D11_NC316P2HR12	plate2	/scratch/ac32082/03.FescueHeatStress/00.data/fescue_heat_rnaseq_raw_data/13673_1465_179077_AAC732NM5_FescueStress2L_D11_NC316P2HR12_AAGTGG_R1.fastq.gz
D12_NC320P2HR12	plate2	/scratch/ac32082/03.FescueHeatStress/00.data/fescue_heat_rnaseq_raw_data/13673_1465_179077_AAC732NM5_FescueStress2L_D12_NC320P2HR12_GAACCT_R1.fastq.gz
E01_NC303P4HR2	plate2	/scratch/ac32082/03.FescueHeatStress/00.data/fescue_heat_rnaseq_raw_data/13673_1465_179077_AAC732NM5_FescueStress2L_E01_NC303P4HR2_ACATTA_R1.fastq.gz
E02_NC315P4HR2	plate2	/scratch/ac32082/03.FescueHeatStress/00.data/fescue_heat_rnaseq_raw_data/13673_1465_179077_AAC732NM5_FescueStress2L_E02_NC315P4HR2_CCTAAG_R1.fastq.gz
E03_NC316P4HR2	plate2	/scratch/ac32082/03.FescueHeatStress/00.data/fescue_heat_rnaseq_raw_data/13673_1465_179077_AAC732NM5_FescueStress2L_E03_NC316P4HR2_GAGTCC_R1.fastq.gz
E04_NC320P3HR2	plate2	/scratch/ac32082/03.FescueHeatStress/00.data/fescue_heat_rnaseq_raw_data/13673_1465_179077_AAC732NM5_FescueStress2L_E04_NC320P3HR2_GCGAAT_R1.fastq.gz
E05_HS303P3HR12	plate2	/scratch/ac32082/03.FescueHeatStress/00.data/fescue_heat_rnaseq_raw_data/13673_1465_179077_AAC732NM5_FescueStress2L_E05_HS303P3HR12_TGGCGA_R1.fastq.gz
E06_HS315P3HR12	plate2	/scratch/ac32082/03.FescueHeatStress/00.data/fescue_heat_rnaseq_raw_data/13673_1465_179077_AAC732NM5_FescueStress2L_E06_HS315P3HR12_TAGGCT_R1.fastq.gz
E07_HS316P3HR12	plate2	/scratch/ac32082/03.FescueHeatStress/00.data/fescue_heat_rnaseq_raw_data/13673_1465_179077_AAC732NM5_FescueStress2L_E07_HS316P3HR12_CGCCTG_R1.fastq.gz
E08_HS320P3HR12	plate2	/scratch/ac32082/03.FescueHeatStress/00.data/fescue_heat_rnaseq_raw_data/13673_1465_179077_AAC732NM5_FescueStress2L_E08_HS320P3HR12_GAAGTG_R1.fastq.gz
E09_NC303P3HR12	plate2	/scratch/ac32082/03.FescueHeatStress/00.data/fescue_heat_rnaseq_raw_data/13673_1465_179077_AAC732NM5_FescueStress2L_E09_NC303P3HR12_AGTTGA_R1.fastq.gz
E10_NC315P3HR12	plate2	/scratch/ac32082/03.FescueHeatStress/00.data/fescue_heat_rnaseq_raw_data/13673_1465_179077_AAC732NM5_FescueStress2L_E10_NC315P3HR12_ATTGGT_R1.fastq.gz
E11_NC316P3HR12	plate2	/scratch/ac32082/03.FescueHeatStress/00.data/fescue_heat_rnaseq_raw_data/13673_1465_179077_AAC732NM5_FescueStress2L_E11_NC316P3HR12_CTCATA_R1.fastq.gz
E12_NC320P3HR12	plate2	/scratch/ac32082/03.FescueHeatStress/00.data/fescue_heat_rnaseq_raw_data/13673_1465_179077_AAC732NM5_FescueStress2L_E12_NC320P3HR12_TTCGAG_R1.fastq.gz
F01_NC303N1HR2	plate2	/scratch/ac32082/03.FescueHeatStress/00.data/fescue_heat_rnaseq_raw_data/13673_1465_179077_AAC732NM5_FescueStress2L_F01_NC303N1HR2_GTGTAG_R1.fastq.gz
F02_NC315N1HR2	plate2	/scratch/ac32082/03.FescueHeatStress/00.data/fescue_heat_rnaseq_raw_data/13673_1465_179077_AAC732NM5_FescueStress2L_F02_NC315N1HR2_AATCCG_R1.fastq.gz
F03_NC316N1HR2	plate2	/scratch/ac32082/03.FescueHeatStress/00.data/fescue_heat_rnaseq_raw_data/13673_1465_179077_AAC732NM5_FescueStress2L_F03_NC316N1HR2_GGAGGT_R1.fastq.gz
F04_NC320P4HR2	plate2	/scratch/ac32082/03.FescueHeatStress/00.data/fescue_heat_rnaseq_raw_data/13673_1465_179077_AAC732NM5_FescueStress2L_F04_NC320P4HR2_TGGATT_R1.fastq.gz
F05_HS303P4HR12	plate2	/scratch/ac32082/03.FescueHeatStress/00.data/fescue_heat_rnaseq_raw_data/13673_1465_179077_AAC732NM5_FescueStress2L_F05_HS303P4HR12_ACCGTG_R1.fastq.gz
F06_HS315P4HR12	plate2	/scratch/ac32082/03.FescueHeatStress/00.data/fescue_heat_rnaseq_raw_data/13673_1465_179077_AAC732NM5_FescueStress2L_F06_HS315P4HR12_CTCCAT_R1.fastq.gz
F07_HS316P4HR12	plate2	/scratch/ac32082/03.FescueHeatStress/00.data/fescue_heat_rnaseq_raw_data/13673_1465_179077_AAC732NM5_FescueStress2L_F07_HS316P4HR12_AATGAA_R1.fastq.gz
F08_HS320P4HR12	plate2	/scratch/ac32082/03.FescueHeatStress/00.data/fescue_heat_rnaseq_raw_data/13673_1465_179077_AAC732NM5_FescueStress2L_F08_HS320P4HR12_CAATGC_R1.fastq.gz
F09_NC303P4HR12	plate2	/scratch/ac32082/03.FescueHeatStress/00.data/fescue_heat_rnaseq_raw_data/13673_1465_179077_AAC732NM5_FescueStress2L_F09_NC303P4HR12_AACCGA_R1.fastq.gz
F10_NC315P4HR12	plate2	/scratch/ac32082/03.FescueHeatStress/00.data/fescue_heat_rnaseq_raw_data/13673_1465_179077_AAC732NM5_FescueStress2L_F10_NC315P4HR12_GCCACA_R1.fastq.gz
F11_NC316P4HR12	plate2	/scratch/ac32082/03.FescueHeatStress/00.data/fescue_heat_rnaseq_raw_data/13673_1465_179077_AAC732NM5_FescueStress2L_F11_NC316P4HR12_CCGACC_R1.fastq.gz
F12_NC320P4HR12	plate2	/scratch/ac32082/03.FescueHeatStress/00.data/fescue_heat_rnaseq_raw_data/13673_1465_179077_AAC732NM5_FescueStress2L_F12_NC320P4HR12_AGAATC_R1.fastq.gz
G01_NC303N2HR2	plate2	/scratch/ac32082/03.FescueHeatStress/00.data/fescue_heat_rnaseq_raw_data/13673_1465_179077_AAC732NM5_FescueStress2L_G01_NC303N2HR2_CTAGTC_R1.fastq.gz
G02_NC315N2HR2	plate2	/scratch/ac32082/03.FescueHeatStress/00.data/fescue_heat_rnaseq_raw_data/13673_1465_179077_AAC732NM5_FescueStress2L_G02_NC315N2HR2_GGCTGC_R1.fastq.gz
G03_NC316N2HR2	plate2	/scratch/ac32082/03.FescueHeatStress/00.data/fescue_heat_rnaseq_raw_data/13673_1465_179077_AAC732NM5_FescueStress2L_G03_NC316N2HR2_CACACT_R1.fastq.gz
G04_NC320N1HR2	plate2	/scratch/ac32082/03.FescueHeatStress/00.data/fescue_heat_rnaseq_raw_data/13673_1465_179077_AAC732NM5_FescueStress2L_G04_NC320N1HR2_ACCTAC_R1.fastq.gz
G05_HS303N1HR12	plate2	/scratch/ac32082/03.FescueHeatStress/00.data/fescue_heat_rnaseq_raw_data/13673_1465_179077_AAC732NM5_FescueStress2L_G05_HS303N1HR12_CAACAG_R1.fastq.gz
G06_HS315N1HR12	plate2	/scratch/ac32082/03.FescueHeatStress/00.data/fescue_heat_rnaseq_raw_data/13673_1465_179077_AAC732NM5_FescueStress2L_G06_HS315N1HR12_GCATGG_R1.fastq.gz
G07_HS316N1HR12	plate2	/scratch/ac32082/03.FescueHeatStress/00.data/fescue_heat_rnaseq_raw_data/13673_1465_179077_AAC732NM5_FescueStress2L_G07_HS316N1HR12_ACAACG_R1.fastq.gz
G08_HS320N1HR12	plate2	/scratch/ac32082/03.FescueHeatStress/00.data/fescue_heat_rnaseq_raw_data/13673_1465_179077_AAC732NM5_FescueStress2L_G08_HS320N1HR12_ACGTCT_R1.fastq.gz
G09_NC303N1HR12	plate2	/scratch/ac32082/03.FescueHeatStress/00.data/fescue_heat_rnaseq_raw_data/13673_1465_179077_AAC732NM5_FescueStress2L_G09_NC303N1HR12_CAGATG_R1.fastq.gz
G10_NC315N1HR12	plate2	/scratch/ac32082/03.FescueHeatStress/00.data/fescue_heat_rnaseq_raw_data/13673_1465_179077_AAC732NM5_FescueStress2L_G10_NC315N1HR12_CATCTA_R1.fastq.gz
G11_NC316N1HR12	plate2	/scratch/ac32082/03.FescueHeatStress/00.data/fescue_heat_rnaseq_raw_data/13673_1465_179077_AAC732NM5_FescueStress2L_G11_NC316N1HR12_GGCCAA_R1.fastq.gz
G12_NC320N1HR12	plate2	/scratch/ac32082/03.FescueHeatStress/00.data/fescue_heat_rnaseq_raw_data/13673_1465_179077_AAC732NM5_FescueStress2L_G12_NC320N1HR12_AGGCAT_R1.fastq.gz
H01_NC303N3HR2	plate2	/scratch/ac32082/03.FescueHeatStress/00.data/fescue_heat_rnaseq_raw_data/13673_1465_179077_AAC732NM5_FescueStress2L_H01_NC303N3HR2_TGTGCA_R1.fastq.gz
H02_NC315N3HR2	plate2	/scratch/ac32082/03.FescueHeatStress/00.data/fescue_heat_rnaseq_raw_data/13673_1465_179077_AAC732NM5_FescueStress2L_H02_NC315N3HR2_TACCTT_R1.fastq.gz
H03_NC316N3HR2	plate2	/scratch/ac32082/03.FescueHeatStress/00.data/fescue_heat_rnaseq_raw_data/13673_1465_179077_AAC732NM5_FescueStress2L_H03_NC316N3HR2_CCGCAA_R1.fastq.gz
H04_NC320N2HR2	plate2	/scratch/ac32082/03.FescueHeatStress/00.data/fescue_heat_rnaseq_raw_data/13673_1465_179077_AAC732NM5_FescueStress2L_H04_NC320N2HR2_CGAAGG_R1.fastq.gz
H05_HS303N2HR12	plate2	/scratch/ac32082/03.FescueHeatStress/00.data/fescue_heat_rnaseq_raw_data/13673_1465_179077_AAC732NM5_FescueStress2L_H05_HS303N2HR12_GATTGT_R1.fastq.gz
H06_HS315N2HR12	plate2	/scratch/ac32082/03.FescueHeatStress/00.data/fescue_heat_rnaseq_raw_data/13673_1465_179077_AAC732NM5_FescueStress2L_H06_HS315N2HR12_AATAGC_R1.fastq.gz
H07_HS316N2HR12	plate2	/scratch/ac32082/03.FescueHeatStress/00.data/fescue_heat_rnaseq_raw_data/13673_1465_179077_AAC732NM5_FescueStress2L_H07_HS316N2HR12_ATATCC_R1.fastq.gz
H08_HS320N2HR12	plate2	/scratch/ac32082/03.FescueHeatStress/00.data/fescue_heat_rnaseq_raw_data/13673_1465_179077_AAC732NM5_FescueStress2L_H08_HS320N2HR12_CAGGAC_R1.fastq.gz
H09_NC303N2HR12	plate2	/scratch/ac32082/03.FescueHeatStress/00.data/fescue_heat_rnaseq_raw_data/13673_1465_179077_AAC732NM5_FescueStress2L_H09_NC303N2HR12_GTAGAA_R1.fastq.gz
H10_NC315N2HR12	plate2	/scratch/ac32082/03.FescueHeatStress/00.data/fescue_heat_rnaseq_raw_data/13673_1465_179077_AAC732NM5_FescueStress2L_H10_NC315N2HR12_AACAAG_R1.fastq.gz
H11_NC316N2HR12	plate2	/scratch/ac32082/03.FescueHeatStress/00.data/fescue_heat_rnaseq_raw_data/13673_1465_179077_AAC732NM5_FescueStress2L_H11_NC316N2HR12_AGACCA_R1.fastq.gz
H12_NC320N2HR12	plate2	/scratch/ac32082/03.FescueHeatStress/00.data/fescue_heat_rnaseq_raw_data/13673_1465_179077_AAC732NM5_FescueStress2L_H12_NC320N2HR12_ACACGC_R1.fastq.gz
A01_NC320N3HR12	plate3	/scratch/ac32082/03.FescueHeatStress/00.data/fescue_heat_rnaseq_raw_data/13679_5751_179185_AACGK3HM5_FescueStress3L_A01_NC320N3HR12_CAGCGT_R1.fastq.gz
A02_HS303N3D1	plate3	/scratch/ac32082/03.FescueHeatStress/00.data/fescue_heat_rnaseq_raw_data/13679_5751_179185_AACGK3HM5_FescueStress3L_A02_HS303N3D1_TCAGGA_R1.fastq.gz
A03_HS315N3D1	plate3	/scratch/ac32082/03.FescueHeatStress/00.data/fescue_heat_rnaseq_raw_data/13679_5751_179185_AACGK3HM5_FescueStress3L_A03_HS315N3D1_TCTTAA_R1.fastq.gz
A04_HS316N2D1	plate3	/scratch/ac32082/03.FescueHeatStress/00.data/fescue_heat_rnaseq_raw_data/13679_5751_179185_AACGK3HM5_FescueStress3L_A04_HS316N2D1_TTTATG_R1.fastq.gz
A05_HS320N2D1	plate3	/scratch/ac32082/03.FescueHeatStress/00.data/fescue_heat_rnaseq_raw_data/13679_5751_179185_AACGK3HM5_FescueStress3L_A05_HS320N2D1_AGATAG_R1.fastq.gz
A06_NC303N2D1	plate3	/scratch/ac32082/03.FescueHeatStress/00.data/fescue_heat_rnaseq_raw_data/13679_5751_179185_AACGK3HM5_FescueStress3L_A06_NC303N2D1_CTCTCG_R1.fastq.gz
A07_NC315N2D1	plate3	/scratch/ac32082/03.FescueHeatStress/00.data/fescue_heat_rnaseq_raw_data/13679_5751_179185_AACGK3HM5_FescueStress3L_A07_NC315N2D1_GTGCCA_R1.fastq.gz
A08_NC316N2D1	plate3	/scratch/ac32082/03.FescueHeatStress/00.data/fescue_heat_rnaseq_raw_data/13679_5751_179185_AACGK3HM5_FescueStress3L_A08_NC316N2D1_AGTACT_R1.fastq.gz
A09_NC320N2D1	plate3	/scratch/ac32082/03.FescueHeatStress/00.data/fescue_heat_rnaseq_raw_data/13679_5751_179185_AACGK3HM5_FescueStress3L_A09_NC320N2D1_AAGCTC_R1.fastq.gz
A10_HS303N2D3	plate3	/scratch/ac32082/03.FescueHeatStress/00.data/fescue_heat_rnaseq_raw_data/13679_5751_179185_AACGK3HM5_FescueStress3L_A10_HS303N2D3_GACATC_R1.fastq.gz
A11_HS315N2D3	plate3	/scratch/ac32082/03.FescueHeatStress/00.data/fescue_heat_rnaseq_raw_data/13679_5751_179185_AACGK3HM5_FescueStress3L_A11_HS315N2D3_GCAGCC_R1.fastq.gz
A12_HS316N2D3	plate3	/scratch/ac32082/03.FescueHeatStress/00.data/fescue_heat_rnaseq_raw_data/13679_5751_179185_AACGK3HM5_FescueStress3L_A12_HS316N2D3_CGCGGA_R1.fastq.gz
B01_NC320N4HR12	plate3	/scratch/ac32082/03.FescueHeatStress/00.data/fescue_heat_rnaseq_raw_data/13679_5751_179185_AACGK3HM5_FescueStress3L_B01_NC320N4HR12_GATCAC_R1.fastq.gz
B02_HS303N4D1	plate3	/scratch/ac32082/03.FescueHeatStress/00.data/fescue_heat_rnaseq_raw_data/13679_5751_179185_AACGK3HM5_FescueStress3L_B02_HS303N4D1_CGGTTA_R1.fastq.gz
B03_HS315N4D1	plate3	/scratch/ac32082/03.FescueHeatStress/00.data/fescue_heat_rnaseq_raw_data/13679_5751_179185_AACGK3HM5_FescueStress3L_B03_HS315N4D1_GTCAGG_R1.fastq.gz
B04_HS316N3D1	plate3	/scratch/ac32082/03.FescueHeatStress/00.data/fescue_heat_rnaseq_raw_data/13679_5751_179185_AACGK3HM5_FescueStress3L_B04_HS316N3D1_AACGCC_R1.fastq.gz
B05_HS320N3D1	plate3	/scratch/ac32082/03.FescueHeatStress/00.data/fescue_heat_rnaseq_raw_data/13679_5751_179185_AACGK3HM5_FescueStress3L_B05_HS320N3D1_TTGGTA_R1.fastq.gz
B06_NC303N3D1	plate3	/scratch/ac32082/03.FescueHeatStress/00.data/fescue_heat_rnaseq_raw_data/13679_5751_179185_AACGK3HM5_FescueStress3L_B06_NC303N3D1_TGACAC_R1.fastq.gz
B07_NC315N3D1	plate3	/scratch/ac32082/03.FescueHeatStress/00.data/fescue_heat_rnaseq_raw_data/13679_5751_179185_AACGK3HM5_FescueStress3L_B07_NC315N3D1_TCGAGG_R1.fastq.gz
B08_NC316N3D1	plate3	/scratch/ac32082/03.FescueHeatStress/00.data/fescue_heat_rnaseq_raw_data/13679_5751_179185_AACGK3HM5_FescueStress3L_B08_NC316N3D1_ATAAGA_R1.fastq.gz
B09_NC320N3D1	plate3	/scratch/ac32082/03.FescueHeatStress/00.data/fescue_heat_rnaseq_raw_data/13679_5751_179185_AACGK3HM5_FescueStress3L_B09_NC320N3D1_GACGAT_R1.fastq.gz
B10_HS303N3D3	plate3	/scratch/ac32082/03.FescueHeatStress/00.data/fescue_heat_rnaseq_raw_data/13679_5751_179185_AACGK3HM5_FescueStress3L_B10_HS303N3D3_CGATCT_R1.fastq.gz
B11_HS315N3D3	plate3	/scratch/ac32082/03.FescueHeatStress/00.data/fescue_heat_rnaseq_raw_data/13679_5751_179185_AACGK3HM5_FescueStress3L_B11_HS315N3D3_ACTCTT_R1.fastq.gz
B12_HS316N3D3	plate3	/scratch/ac32082/03.FescueHeatStress/00.data/fescue_heat_rnaseq_raw_data/13679_5751_179185_AACGK3HM5_FescueStress3L_B12_HS316N3D3_CCTGCT_R1.fastq.gz
C01_HS303P1D1	plate3	/scratch/ac32082/03.FescueHeatStress/00.data/fescue_heat_rnaseq_raw_data/13679_5751_179185_AACGK3HM5_FescueStress3L_C01_HS303P1D1_ACCAGT_R1.fastq.gz
C02_HS315P1D1	plate3	/scratch/ac32082/03.FescueHeatStress/00.data/fescue_heat_rnaseq_raw_data/13679_5751_179185_AACGK3HM5_FescueStress3L_C02_HS315P1D1_TTAACT_R1.fastq.gz
C03_HS316P1D1	plate3	/scratch/ac32082/03.FescueHeatStress/00.data/fescue_heat_rnaseq_raw_data/13679_5751_179185_AACGK3HM5_FescueStress3L_C03_HS316P1D1_ATACTG_R1.fastq.gz
C04_HS316N4D1	plate3	/scratch/ac32082/03.FescueHeatStress/00.data/fescue_heat_rnaseq_raw_data/13679_5751_179185_AACGK3HM5_FescueStress3L_C04_HS316N4D1_CAAGCA_R1.fastq.gz
C05_HS320N4D1	plate3	/scratch/ac32082/03.FescueHeatStress/00.data/fescue_heat_rnaseq_raw_data/13679_5751_179185_AACGK3HM5_FescueStress3L_C05_HS320N4D1_GTTACC_R1.fastq.gz
C06_NC303N4D1	plate3	/scratch/ac32082/03.FescueHeatStress/00.data/fescue_heat_rnaseq_raw_data/13679_5751_179185_AACGK3HM5_FescueStress3L_C06_NC303N4D1_AAGACA_R1.fastq.gz
C07_NC315N4D1	plate3	/scratch/ac32082/03.FescueHeatStress/00.data/fescue_heat_rnaseq_raw_data/13679_5751_179185_AACGK3HM5_FescueStress3L_C07_NC315N4D1_CACTAA_R1.fastq.gz
C08_NC316N4D1	plate3	/scratch/ac32082/03.FescueHeatStress/00.data/fescue_heat_rnaseq_raw_data/13679_5751_179185_AACGK3HM5_FescueStress3L_C08_NC316N4D1_GGTGAG_R1.fastq.gz
C09_NC320N4D1	plate3	/scratch/ac32082/03.FescueHeatStress/00.data/fescue_heat_rnaseq_raw_data/13679_5751_179185_AACGK3HM5_FescueStress3L_C09_NC320N4D1_TCGTTC_R1.fastq.gz
C10_HS303N4D3	plate3	/scratch/ac32082/03.FescueHeatStress/00.data/fescue_heat_rnaseq_raw_data/13679_5751_179185_AACGK3HM5_FescueStress3L_C10_HS303N4D3_CGTCGC_R1.fastq.gz
C11_HS315N4D3	plate3	/scratch/ac32082/03.FescueHeatStress/00.data/fescue_heat_rnaseq_raw_data/13679_5751_179185_AACGK3HM5_FescueStress3L_C11_HS315N4D3_TGCTAT_R1.fastq.gz
C12_HS316N4D3	plate3	/scratch/ac32082/03.FescueHeatStress/00.data/fescue_heat_rnaseq_raw_data/13679_5751_179185_AACGK3HM5_FescueStress3L_C12_HS316N4D3_GCGCTG_R1.fastq.gz
D01_HS303P2D1	plate3	/scratch/ac32082/03.FescueHeatStress/00.data/fescue_heat_rnaseq_raw_data/13679_5751_179185_AACGK3HM5_FescueStress3L_D01_HS303P2D1_TGCACG_R1.fastq.gz
D02_HS315P2D1	plate3	/scratch/ac32082/03.FescueHeatStress/00.data/fescue_heat_rnaseq_raw_data/13679_5751_179185_AACGK3HM5_FescueStress3L_D02_HS315P2D1_ATGAAC_R1.fastq.gz
D03_HS316P2D1	plate3	/scratch/ac32082/03.FescueHeatStress/00.data/fescue_heat_rnaseq_raw_data/13679_5751_179185_AACGK3HM5_FescueStress3L_D03_HS316P2D1_TATGTC_R1.fastq.gz
D04_HS320P1D1	plate3	/scratch/ac32082/03.FescueHeatStress/00.data/fescue_heat_rnaseq_raw_data/13679_5751_179185_AACGK3HM5_FescueStress3L_D04_HS320P1D1_GCTCGA_R1.fastq.gz
D05_NC303P1D1	plate3	/scratch/ac32082/03.FescueHeatStress/00.data/fescue_heat_rnaseq_raw_data/13679_5751_179185_AACGK3HM5_FescueStress3L_D05_NC303P1D1_CGCAAC_R1.fastq.gz
D06_NC315P1D1	plate3	/scratch/ac32082/03.FescueHeatStress/00.data/fescue_heat_rnaseq_raw_data/13679_5751_179185_AACGK3HM5_FescueStress3L_D06_NC315P1D1_ACAGAT_R1.fastq.gz
D07_NC316P1D1	plate3	/scratch/ac32082/03.FescueHeatStress/00.data/fescue_heat_rnaseq_raw_data/13679_5751_179185_AACGK3HM5_FescueStress3L_D07_NC316P1D1_GGTATA_R1.fastq.gz
D08_NC320P1D1	plate3	/scratch/ac32082/03.FescueHeatStress/00.data/fescue_heat_rnaseq_raw_data/13679_5751_179185_AACGK3HM5_FescueStress3L_D08_NC320P1D1_TTCCGC_R1.fastq.gz
D09_HS303P1D3	plate3	/scratch/ac32082/03.FescueHeatStress/00.data/fescue_heat_rnaseq_raw_data/13679_5751_179185_AACGK3HM5_FescueStress3L_D09_HS303P1D3_CCAATT_R1.fastq.gz
D10_HS315P1D3	plate3	/scratch/ac32082/03.FescueHeatStress/00.data/fescue_heat_rnaseq_raw_data/13679_5751_179185_AACGK3HM5_FescueStress3L_D10_HS315P1D3_ATGGCG_R1.fastq.gz
D11_HS316P1D3	plate3	/scratch/ac32082/03.FescueHeatStress/00.data/fescue_heat_rnaseq_raw_data/13679_5751_179185_AACGK3HM5_FescueStress3L_D11_HS316P1D3_AAGTGG_R1.fastq.gz
D12_HS320P1D3	plate3	/scratch/ac32082/03.FescueHeatStress/00.data/fescue_heat_rnaseq_raw_data/13679_5751_179185_AACGK3HM5_FescueStress3L_D12_HS320P1D3_GAACCT_R1.fastq.gz
E01_HS303P3D1	plate3	/scratch/ac32082/03.FescueHeatStress/00.data/fescue_heat_rnaseq_raw_data/13679_5751_179185_AACGK3HM5_FescueStress3L_E01_HS303P3D1_ACATTA_R1.fastq.gz
E02_HS315P3D1	plate3	/scratch/ac32082/03.FescueHeatStress/00.data/fescue_heat_rnaseq_raw_data/13679_5751_179185_AACGK3HM5_FescueStress3L_E02_HS315P3D1_CCTAAG_R1.fastq.gz
E03_HS316P3D1	plate3	/scratch/ac32082/03.FescueHeatStress/00.data/fescue_heat_rnaseq_raw_data/13679_5751_179185_AACGK3HM5_FescueStress3L_E03_HS316P3D1_GAGTCC_R1.fastq.gz
E04_HS320P2D1	plate3	/scratch/ac32082/03.FescueHeatStress/00.data/fescue_heat_rnaseq_raw_data/13679_5751_179185_AACGK3HM5_FescueStress3L_E04_HS320P2D1_GCGAAT_R1.fastq.gz
E05_NC303P2D1	plate3	/scratch/ac32082/03.FescueHeatStress/00.data/fescue_heat_rnaseq_raw_data/13679_5751_179185_AACGK3HM5_FescueStress3L_E05_NC303P2D1_TGGCGA_R1.fastq.gz
E06_NC315P2D1	plate3	/scratch/ac32082/03.FescueHeatStress/00.data/fescue_heat_rnaseq_raw_data/13679_5751_179185_AACGK3HM5_FescueStress3L_E06_NC315P2D1_TAGGCT_R1.fastq.gz
E07_NC316P2D1	plate3	/scratch/ac32082/03.FescueHeatStress/00.data/fescue_heat_rnaseq_raw_data/13679_5751_179185_AACGK3HM5_FescueStress3L_E07_NC316P2D1_CGCCTG_R1.fastq.gz
E08_NC320P2D1	plate3	/scratch/ac32082/03.FescueHeatStress/00.data/fescue_heat_rnaseq_raw_data/13679_5751_179185_AACGK3HM5_FescueStress3L_E08_NC320P2D1_GAAGTG_R1.fastq.gz
E09_HS303P2D3	plate3	/scratch/ac32082/03.FescueHeatStress/00.data/fescue_heat_rnaseq_raw_data/13679_5751_179185_AACGK3HM5_FescueStress3L_E09_HS303P2D3_AGTTGA_R1.fastq.gz
E10_HS315P2D3	plate3	/scratch/ac32082/03.FescueHeatStress/00.data/fescue_heat_rnaseq_raw_data/13679_5751_179185_AACGK3HM5_FescueStress3L_E10_HS315P2D3_ATTGGT_R1.fastq.gz
E11_HS316P2D3	plate3	/scratch/ac32082/03.FescueHeatStress/00.data/fescue_heat_rnaseq_raw_data/13679_5751_179185_AACGK3HM5_FescueStress3L_E11_HS316P2D3_CTCATA_R1.fastq.gz
E12_HS320P2D3	plate3	/scratch/ac32082/03.FescueHeatStress/00.data/fescue_heat_rnaseq_raw_data/13679_5751_179185_AACGK3HM5_FescueStress3L_E12_HS320P2D3_TTCGAG_R1.fastq.gz
F01_HS303P4D1	plate3	/scratch/ac32082/03.FescueHeatStress/00.data/fescue_heat_rnaseq_raw_data/13679_5751_179185_AACGK3HM5_FescueStress3L_F01_HS303P4D1_GTGTAG_R1.fastq.gz
F02_HS315P4D1	plate3	/scratch/ac32082/03.FescueHeatStress/00.data/fescue_heat_rnaseq_raw_data/13679_5751_179185_AACGK3HM5_FescueStress3L_F02_HS315P4D1_AATCCG_R1.fastq.gz
F03_HS316P4D1	plate3	/scratch/ac32082/03.FescueHeatStress/00.data/fescue_heat_rnaseq_raw_data/13679_5751_179185_AACGK3HM5_FescueStress3L_F03_HS316P4D1_GGAGGT_R1.fastq.gz
F04_HS320P3D1	plate3	/scratch/ac32082/03.FescueHeatStress/00.data/fescue_heat_rnaseq_raw_data/13679_5751_179185_AACGK3HM5_FescueStress3L_F04_HS320P3D1_TGGATT_R1.fastq.gz
F05_NC303P3D1	plate3	/scratch/ac32082/03.FescueHeatStress/00.data/fescue_heat_rnaseq_raw_data/13679_5751_179185_AACGK3HM5_FescueStress3L_F05_NC303P3D1_ACCGTG_R1.fastq.gz
F06_NC315P3D1	plate3	/scratch/ac32082/03.FescueHeatStress/00.data/fescue_heat_rnaseq_raw_data/13679_5751_179185_AACGK3HM5_FescueStress3L_F06_NC315P3D1_CTCCAT_R1.fastq.gz
F07_NC316P3D1	plate3	/scratch/ac32082/03.FescueHeatStress/00.data/fescue_heat_rnaseq_raw_data/13679_5751_179185_AACGK3HM5_FescueStress3L_F07_NC316P3D1_AATGAA_R1.fastq.gz
F08_NC320P3D1	plate3	/scratch/ac32082/03.FescueHeatStress/00.data/fescue_heat_rnaseq_raw_data/13679_5751_179185_AACGK3HM5_FescueStress3L_F08_NC320P3D1_CAATGC_R1.fastq.gz
F09_HS303P3D3	plate3	/scratch/ac32082/03.FescueHeatStress/00.data/fescue_heat_rnaseq_raw_data/13679_5751_179185_AACGK3HM5_FescueStress3L_F09_HS303P3D3_AACCGA_R1.fastq.gz
F10_HS315P3D3	plate3	/scratch/ac32082/03.FescueHeatStress/00.data/fescue_heat_rnaseq_raw_data/13679_5751_179185_AACGK3HM5_FescueStress3L_F10_HS315P3D3_GCCACA_R1.fastq.gz
F11_HS316P3D3	plate3	/scratch/ac32082/03.FescueHeatStress/00.data/fescue_heat_rnaseq_raw_data/13679_5751_179185_AACGK3HM5_FescueStress3L_F11_HS316P3D3_CCGACC_R1.fastq.gz
F12_HS320P3D3	plate3	/scratch/ac32082/03.FescueHeatStress/00.data/fescue_heat_rnaseq_raw_data/13679_5751_179185_AACGK3HM5_FescueStress3L_F12_HS320P3D3_AGAATC_R1.fastq.gz
G01_HS303N1D1	plate3	/scratch/ac32082/03.FescueHeatStress/00.data/fescue_heat_rnaseq_raw_data/13679_5751_179185_AACGK3HM5_FescueStress3L_G01_HS303N1D1_CTAGTC_R1.fastq.gz
G02_HS315N1D1	plate3	/scratch/ac32082/03.FescueHeatStress/00.data/fescue_heat_rnaseq_raw_data/13679_5751_179185_AACGK3HM5_FescueStress3L_G02_HS315N1D1_GGCTGC_R1.fastq.gz
G04_HS320P4D1	plate3	/scratch/ac32082/03.FescueHeatStress/00.data/fescue_heat_rnaseq_raw_data/13679_5751_179185_AACGK3HM5_FescueStress3L_G04_HS320P4D1_ACCTAC_R1.fastq.gz
G05_NC303P4D1	plate3	/scratch/ac32082/03.FescueHeatStress/00.data/fescue_heat_rnaseq_raw_data/13679_5751_179185_AACGK3HM5_FescueStress3L_G05_NC303P4D1_CAACAG_R1.fastq.gz
G06_NC315P4D1	plate3	/scratch/ac32082/03.FescueHeatStress/00.data/fescue_heat_rnaseq_raw_data/13679_5751_179185_AACGK3HM5_FescueStress3L_G06_NC315P4D1_GCATGG_R1.fastq.gz
G07_NC316P4D1	plate3	/scratch/ac32082/03.FescueHeatStress/00.data/fescue_heat_rnaseq_raw_data/13679_5751_179185_AACGK3HM5_FescueStress3L_G07_NC316P4D1_ACAACG_R1.fastq.gz
G08_NC320P4D1	plate3	/scratch/ac32082/03.FescueHeatStress/00.data/fescue_heat_rnaseq_raw_data/13679_5751_179185_AACGK3HM5_FescueStress3L_G08_NC320P4D1_ACGTCT_R1.fastq.gz
G09_HS303P4D3	plate3	/scratch/ac32082/03.FescueHeatStress/00.data/fescue_heat_rnaseq_raw_data/13679_5751_179185_AACGK3HM5_FescueStress3L_G09_HS303P4D3_CAGATG_R1.fastq.gz
G10_HS315P4D3	plate3	/scratch/ac32082/03.FescueHeatStress/00.data/fescue_heat_rnaseq_raw_data/13679_5751_179185_AACGK3HM5_FescueStress3L_G10_HS315P4D3_CATCTA_R1.fastq.gz
G11_HS316P4D3	plate3	/scratch/ac32082/03.FescueHeatStress/00.data/fescue_heat_rnaseq_raw_data/13679_5751_179185_AACGK3HM5_FescueStress3L_G11_HS316P4D3_GGCCAA_R1.fastq.gz
G12_HS320P4D3	plate3	/scratch/ac32082/03.FescueHeatStress/00.data/fescue_heat_rnaseq_raw_data/13679_5751_179185_AACGK3HM5_FescueStress3L_G12_HS320P4D3_AGGCAT_R1.fastq.gz
H01_HS303N2D1	plate3	/scratch/ac32082/03.FescueHeatStress/00.data/fescue_heat_rnaseq_raw_data/13679_5751_179185_AACGK3HM5_FescueStress3L_H01_HS303N2D1_TGTGCA_R1.fastq.gz
H02_HS315N2D1	plate3	/scratch/ac32082/03.FescueHeatStress/00.data/fescue_heat_rnaseq_raw_data/13679_5751_179185_AACGK3HM5_FescueStress3L_H02_HS315N2D1_TACCTT_R1.fastq.gz
H03_HS316N1D1	plate3	/scratch/ac32082/03.FescueHeatStress/00.data/fescue_heat_rnaseq_raw_data/13679_5751_179185_AACGK3HM5_FescueStress3L_H03_HS316N1D1_CCGCAA_R1.fastq.gz
H04_HS320N1D1	plate3	/scratch/ac32082/03.FescueHeatStress/00.data/fescue_heat_rnaseq_raw_data/13679_5751_179185_AACGK3HM5_FescueStress3L_H04_HS320N1D1_CGAAGG_R1.fastq.gz
H05_NC303N1D1	plate3	/scratch/ac32082/03.FescueHeatStress/00.data/fescue_heat_rnaseq_raw_data/13679_5751_179185_AACGK3HM5_FescueStress3L_H05_NC303N1D1_GATTGT_R1.fastq.gz
H06_NC315N1D1	plate3	/scratch/ac32082/03.FescueHeatStress/00.data/fescue_heat_rnaseq_raw_data/13679_5751_179185_AACGK3HM5_FescueStress3L_H06_NC315N1D1_AATAGC_R1.fastq.gz
H07_NC316N1D1	plate3	/scratch/ac32082/03.FescueHeatStress/00.data/fescue_heat_rnaseq_raw_data/13679_5751_179185_AACGK3HM5_FescueStress3L_H07_NC316N1D1_ATATCC_R1.fastq.gz
H08_NC320N1D1	plate3	/scratch/ac32082/03.FescueHeatStress/00.data/fescue_heat_rnaseq_raw_data/13679_5751_179185_AACGK3HM5_FescueStress3L_H08_NC320N1D1_CAGGAC_R1.fastq.gz
H09_HS303N1D3	plate3	/scratch/ac32082/03.FescueHeatStress/00.data/fescue_heat_rnaseq_raw_data/13679_5751_179185_AACGK3HM5_FescueStress3L_H09_HS303N1D3_GTAGAA_R1.fastq.gz
H10_HS315N1D3	plate3	/scratch/ac32082/03.FescueHeatStress/00.data/fescue_heat_rnaseq_raw_data/13679_5751_179185_AACGK3HM5_FescueStress3L_H10_HS315N1D3_AACAAG_R1.fastq.gz
H11_HS316N1D3	plate3	/scratch/ac32082/03.FescueHeatStress/00.data/fescue_heat_rnaseq_raw_data/13679_5751_179185_AACGK3HM5_FescueStress3L_H11_HS316N1D3_AGACCA_R1.fastq.gz
H12_HS320N1D3	plate3	/scratch/ac32082/03.FescueHeatStress/00.data/fescue_heat_rnaseq_raw_data/13679_5751_179185_AACGK3HM5_FescueStress3L_H12_HS320N1D3_ACACGC_R1.fastq.gz
A01_HS320N2D3	plate4	/scratch/ac32082/03.FescueHeatStress/00.data/fescue_heat_rnaseq_raw_data/13680_5751_179186_AACGKYNM5_FescueStress4L_A01_HS320N2D3_CAGCGT_R1.fastq.gz
A02_NC303N2D3	plate4	/scratch/ac32082/03.FescueHeatStress/00.data/fescue_heat_rnaseq_raw_data/13680_5751_179186_AACGKYNM5_FescueStress4L_A02_NC303N2D3_TCAGGA_R1.fastq.gz
A03_NC315N2D3	plate4	/scratch/ac32082/03.FescueHeatStress/00.data/fescue_heat_rnaseq_raw_data/13680_5751_179186_AACGKYNM5_FescueStress4L_A03_NC315N2D3_TCTTAA_R1.fastq.gz
A04_NC316N2D3	plate4	/scratch/ac32082/03.FescueHeatStress/00.data/fescue_heat_rnaseq_raw_data/13680_5751_179186_AACGKYNM5_FescueStress4L_A04_NC316N2D3_TTTATG_R1.fastq.gz
A05_NC320N2D3	plate4	/scratch/ac32082/03.FescueHeatStress/00.data/fescue_heat_rnaseq_raw_data/13680_5751_179186_AACGKYNM5_FescueStress4L_A05_NC320N2D3_AGATAG_R1.fastq.gz
A06_HS303N2W1	plate4	/scratch/ac32082/03.FescueHeatStress/00.data/fescue_heat_rnaseq_raw_data/13680_5751_179186_AACGKYNM5_FescueStress4L_A06_HS303N2W1_CTCTCG_R1.fastq.gz
A07_HS315N2W1	plate4	/scratch/ac32082/03.FescueHeatStress/00.data/fescue_heat_rnaseq_raw_data/13680_5751_179186_AACGKYNM5_FescueStress4L_A07_HS315N2W1_GTGCCA_R1.fastq.gz
A08_HS316N2W1	plate4	/scratch/ac32082/03.FescueHeatStress/00.data/fescue_heat_rnaseq_raw_data/13680_5751_179186_AACGKYNM5_FescueStress4L_A08_HS316N2W1_AGTACT_R1.fastq.gz
A09_HS320N2W1	plate4	/scratch/ac32082/03.FescueHeatStress/00.data/fescue_heat_rnaseq_raw_data/13680_5751_179186_AACGKYNM5_FescueStress4L_A09_HS320N2W1_AAGCTC_R1.fastq.gz
A10_NC303N3W1	plate4	/scratch/ac32082/03.FescueHeatStress/00.data/fescue_heat_rnaseq_raw_data/13680_5751_179186_AACGKYNM5_FescueStress4L_A10_NC303N3W1_GACATC_R1.fastq.gz
A11_NC315N3W1	plate4	/scratch/ac32082/03.FescueHeatStress/00.data/fescue_heat_rnaseq_raw_data/13680_5751_179186_AACGKYNM5_FescueStress4L_A11_NC315N3W1_GCAGCC_R1.fastq.gz
A12_NC316N4W1	plate4	/scratch/ac32082/03.FescueHeatStress/00.data/fescue_heat_rnaseq_raw_data/13680_5751_179186_AACGKYNM5_FescueStress4L_A12_NC316N4W1_CGCGGA_R1.fastq.gz
B01_HS320N3D3	plate4	/scratch/ac32082/03.FescueHeatStress/00.data/fescue_heat_rnaseq_raw_data/13680_5751_179186_AACGKYNM5_FescueStress4L_B01_HS320N3D3_GATCAC_R1.fastq.gz
B02_NC303N3D3	plate4	/scratch/ac32082/03.FescueHeatStress/00.data/fescue_heat_rnaseq_raw_data/13680_5751_179186_AACGKYNM5_FescueStress4L_B02_NC303N3D3_CGGTTA_R1.fastq.gz
B03_NC315N3D3	plate4	/scratch/ac32082/03.FescueHeatStress/00.data/fescue_heat_rnaseq_raw_data/13680_5751_179186_AACGKYNM5_FescueStress4L_B03_NC315N3D3_GTCAGG_R1.fastq.gz
B04_NC316N3D3	plate4	/scratch/ac32082/03.FescueHeatStress/00.data/fescue_heat_rnaseq_raw_data/13680_5751_179186_AACGKYNM5_FescueStress4L_B04_NC316N3D3_AACGCC_R1.fastq.gz
B05_NC320N3D3	plate4	/scratch/ac32082/03.FescueHeatStress/00.data/fescue_heat_rnaseq_raw_data/13680_5751_179186_AACGKYNM5_FescueStress4L_B05_NC320N3D3_TTGGTA_R1.fastq.gz
B06_HS303N3W1	plate4	/scratch/ac32082/03.FescueHeatStress/00.data/fescue_heat_rnaseq_raw_data/13680_5751_179186_AACGKYNM5_FescueStress4L_B06_HS303N3W1_TGACAC_R1.fastq.gz
B07_HS315N3W1	plate4	/scratch/ac32082/03.FescueHeatStress/00.data/fescue_heat_rnaseq_raw_data/13680_5751_179186_AACGKYNM5_FescueStress4L_B07_HS315N3W1_TCGAGG_R1.fastq.gz
B08_HS316N4W1	plate4	/scratch/ac32082/03.FescueHeatStress/00.data/fescue_heat_rnaseq_raw_data/13680_5751_179186_AACGKYNM5_FescueStress4L_B08_HS316N4W1_ATAAGA_R1.fastq.gz
B09_HS320N3W1	plate4	/scratch/ac32082/03.FescueHeatStress/00.data/fescue_heat_rnaseq_raw_data/13680_5751_179186_AACGKYNM5_FescueStress4L_B09_HS320N3W1_GACGAT_R1.fastq.gz
B10_NC303N4W1	plate4	/scratch/ac32082/03.FescueHeatStress/00.data/fescue_heat_rnaseq_raw_data/13680_5751_179186_AACGKYNM5_FescueStress4L_B10_NC303N4W1_CGATCT_R1.fastq.gz
B11_NC315N4W1	plate4	/scratch/ac32082/03.FescueHeatStress/00.data/fescue_heat_rnaseq_raw_data/13680_5751_179186_AACGKYNM5_FescueStress4L_B11_NC315N4W1_ACTCTT_R1.fastq.gz
B12_NC320P1W1	plate4	/scratch/ac32082/03.FescueHeatStress/00.data/fescue_heat_rnaseq_raw_data/13680_5751_179186_AACGKYNM5_FescueStress4L_B12_NC320P1W1_CCTGCT_R1.fastq.gz
C01_HS320N4D3	plate4	/scratch/ac32082/03.FescueHeatStress/00.data/fescue_heat_rnaseq_raw_data/13680_5751_179186_AACGKYNM5_FescueStress4L_C01_HS320N4D3_ACCAGT_R1.fastq.gz
C02_NC303N4D3	plate4	/scratch/ac32082/03.FescueHeatStress/00.data/fescue_heat_rnaseq_raw_data/13680_5751_179186_AACGKYNM5_FescueStress4L_C02_NC303N4D3_TTAACT_R1.fastq.gz
C03_NC315N4D3	plate4	/scratch/ac32082/03.FescueHeatStress/00.data/fescue_heat_rnaseq_raw_data/13680_5751_179186_AACGKYNM5_FescueStress4L_C03_NC315N4D3_ATACTG_R1.fastq.gz
C04_NC316N4D3	plate4	/scratch/ac32082/03.FescueHeatStress/00.data/fescue_heat_rnaseq_raw_data/13680_5751_179186_AACGKYNM5_FescueStress4L_C04_NC316N4D3_CAAGCA_R1.fastq.gz
C05_NC320N4D3	plate4	/scratch/ac32082/03.FescueHeatStress/00.data/fescue_heat_rnaseq_raw_data/13680_5751_179186_AACGKYNM5_FescueStress4L_C05_NC320N4D3_GTTACC_R1.fastq.gz
C06_HS303N4W1	plate4	/scratch/ac32082/03.FescueHeatStress/00.data/fescue_heat_rnaseq_raw_data/13680_5751_179186_AACGKYNM5_FescueStress4L_C06_HS303N4W1_AAGACA_R1.fastq.gz
C07_HS315N4W1	plate4	/scratch/ac32082/03.FescueHeatStress/00.data/fescue_heat_rnaseq_raw_data/13680_5751_179186_AACGKYNM5_FescueStress4L_C07_HS315N4W1_CACTAA_R1.fastq.gz
C08_HS320P1W1	plate4	/scratch/ac32082/03.FescueHeatStress/00.data/fescue_heat_rnaseq_raw_data/13680_5751_179186_AACGKYNM5_FescueStress4L_C08_HS320P1W1_GGTGAG_R1.fastq.gz
C09_NC303P1W1	plate4	/scratch/ac32082/03.FescueHeatStress/00.data/fescue_heat_rnaseq_raw_data/13680_5751_179186_AACGKYNM5_FescueStress4L_C09_NC303P1W1_TCGTTC_R1.fastq.gz
C10_NC315P1W1	plate4	/scratch/ac32082/03.FescueHeatStress/00.data/fescue_heat_rnaseq_raw_data/13680_5751_179186_AACGKYNM5_FescueStress4L_C10_NC315P1W1_CGTCGC_R1.fastq.gz
C11_NC316P1W1	plate4	/scratch/ac32082/03.FescueHeatStress/00.data/fescue_heat_rnaseq_raw_data/13680_5751_179186_AACGKYNM5_FescueStress4L_C11_NC316P1W1_TGCTAT_R1.fastq.gz
C12_NC320P2W1	plate4	/scratch/ac32082/03.FescueHeatStress/00.data/fescue_heat_rnaseq_raw_data/13680_5751_179186_AACGKYNM5_FescueStress4L_C12_NC320P2W1_GCGCTG_R1.fastq.gz
D01_NC303P1D3	plate4	/scratch/ac32082/03.FescueHeatStress/00.data/fescue_heat_rnaseq_raw_data/13680_5751_179186_AACGKYNM5_FescueStress4L_D01_NC303P1D3_TGCACG_R1.fastq.gz
D02_NC315P1D3	plate4	/scratch/ac32082/03.FescueHeatStress/00.data/fescue_heat_rnaseq_raw_data/13680_5751_179186_AACGKYNM5_FescueStress4L_D02_NC315P1D3_ATGAAC_R1.fastq.gz
D03_NC316P1D3	plate4	/scratch/ac32082/03.FescueHeatStress/00.data/fescue_heat_rnaseq_raw_data/13680_5751_179186_AACGKYNM5_FescueStress4L_D03_NC316P1D3_TATGTC_R1.fastq.gz
D04_NC320P1D3	plate4	/scratch/ac32082/03.FescueHeatStress/00.data/fescue_heat_rnaseq_raw_data/13680_5751_179186_AACGKYNM5_FescueStress4L_D04_NC320P1D3_GCTCGA_R1.fastq.gz
D05_HS303P1W1	plate4	/scratch/ac32082/03.FescueHeatStress/00.data/fescue_heat_rnaseq_raw_data/13680_5751_179186_AACGKYNM5_FescueStress4L_D05_HS303P1W1_CGCAAC_R1.fastq.gz
D06_HS315P1W1	plate4	/scratch/ac32082/03.FescueHeatStress/00.data/fescue_heat_rnaseq_raw_data/13680_5751_179186_AACGKYNM5_FescueStress4L_D06_HS315P1W1_ACAGAT_R1.fastq.gz
D07_HS316P1W1	plate4	/scratch/ac32082/03.FescueHeatStress/00.data/fescue_heat_rnaseq_raw_data/13680_5751_179186_AACGKYNM5_FescueStress4L_D07_HS316P1W1_GGTATA_R1.fastq.gz
D08_HS320P2W1	plate4	/scratch/ac32082/03.FescueHeatStress/00.data/fescue_heat_rnaseq_raw_data/13680_5751_179186_AACGKYNM5_FescueStress4L_D08_HS320P2W1_TTCCGC_R1.fastq.gz
D09_NC303P2W1	plate4	/scratch/ac32082/03.FescueHeatStress/00.data/fescue_heat_rnaseq_raw_data/13680_5751_179186_AACGKYNM5_FescueStress4L_D09_NC303P2W1_CCAATT_R1.fastq.gz
D10_NC315P2W1	plate4	/scratch/ac32082/03.FescueHeatStress/00.data/fescue_heat_rnaseq_raw_data/13680_5751_179186_AACGKYNM5_FescueStress4L_D10_NC315P2W1_ATGGCG_R1.fastq.gz
D11_NC316P2W1	plate4	/scratch/ac32082/03.FescueHeatStress/00.data/fescue_heat_rnaseq_raw_data/13680_5751_179186_AACGKYNM5_FescueStress4L_D11_NC316P2W1_AAGTGG_R1.fastq.gz
D12_NC320P3W1	plate4	/scratch/ac32082/03.FescueHeatStress/00.data/fescue_heat_rnaseq_raw_data/13680_5751_179186_AACGKYNM5_FescueStress4L_D12_NC320P3W1_GAACCT_R1.fastq.gz
E01_NC303P2D3	plate4	/scratch/ac32082/03.FescueHeatStress/00.data/fescue_heat_rnaseq_raw_data/13680_5751_179186_AACGKYNM5_FescueStress4L_E01_NC303P2D3_ACATTA_R1.fastq.gz
E02_NC315P2D3	plate4	/scratch/ac32082/03.FescueHeatStress/00.data/fescue_heat_rnaseq_raw_data/13680_5751_179186_AACGKYNM5_FescueStress4L_E02_NC315P2D3_CCTAAG_R1.fastq.gz
E03_NC316P2D3	plate4	/scratch/ac32082/03.FescueHeatStress/00.data/fescue_heat_rnaseq_raw_data/13680_5751_179186_AACGKYNM5_FescueStress4L_E03_NC316P2D3_GAGTCC_R1.fastq.gz
E04_NC320P2D3	plate4	/scratch/ac32082/03.FescueHeatStress/00.data/fescue_heat_rnaseq_raw_data/13680_5751_179186_AACGKYNM5_FescueStress4L_E04_NC320P2D3_GCGAAT_R1.fastq.gz
E05_HS303P2W1	plate4	/scratch/ac32082/03.FescueHeatStress/00.data/fescue_heat_rnaseq_raw_data/13680_5751_179186_AACGKYNM5_FescueStress4L_E05_HS303P2W1_TGGCGA_R1.fastq.gz
E06_HS315P2W1	plate4	/scratch/ac32082/03.FescueHeatStress/00.data/fescue_heat_rnaseq_raw_data/13680_5751_179186_AACGKYNM5_FescueStress4L_E06_HS315P2W1_TAGGCT_R1.fastq.gz
E07_HS316P2W1	plate4	/scratch/ac32082/03.FescueHeatStress/00.data/fescue_heat_rnaseq_raw_data/13680_5751_179186_AACGKYNM5_FescueStress4L_E07_HS316P2W1_CGCCTG_R1.fastq.gz
E09_NC303P3W1	plate4	/scratch/ac32082/03.FescueHeatStress/00.data/fescue_heat_rnaseq_raw_data/13680_5751_179186_AACGKYNM5_FescueStress4L_E09_NC303P3W1_AGTTGA_R1.fastq.gz
E10_NC315P3W1	plate4	/scratch/ac32082/03.FescueHeatStress/00.data/fescue_heat_rnaseq_raw_data/13680_5751_179186_AACGKYNM5_FescueStress4L_E10_NC315P3W1_ATTGGT_R1.fastq.gz
E11_NC316P3W1	plate4	/scratch/ac32082/03.FescueHeatStress/00.data/fescue_heat_rnaseq_raw_data/13680_5751_179186_AACGKYNM5_FescueStress4L_E11_NC316P3W1_CTCATA_R1.fastq.gz
E12_NC320P4W1	plate4	/scratch/ac32082/03.FescueHeatStress/00.data/fescue_heat_rnaseq_raw_data/13680_5751_179186_AACGKYNM5_FescueStress4L_E12_NC320P4W1_TTCGAG_R1.fastq.gz
F01_NC303P3D3	plate4	/scratch/ac32082/03.FescueHeatStress/00.data/fescue_heat_rnaseq_raw_data/13680_5751_179186_AACGKYNM5_FescueStress4L_F01_NC303P3D3_GTGTAG_R1.fastq.gz
F02_NC315P3D3	plate4	/scratch/ac32082/03.FescueHeatStress/00.data/fescue_heat_rnaseq_raw_data/13680_5751_179186_AACGKYNM5_FescueStress4L_F02_NC315P3D3_AATCCG_R1.fastq.gz
F03_NC316P3D3	plate4	/scratch/ac32082/03.FescueHeatStress/00.data/fescue_heat_rnaseq_raw_data/13680_5751_179186_AACGKYNM5_FescueStress4L_F03_NC316P3D3_GGAGGT_R1.fastq.gz
F04_NC320P3D3	plate4	/scratch/ac32082/03.FescueHeatStress/00.data/fescue_heat_rnaseq_raw_data/13680_5751_179186_AACGKYNM5_FescueStress4L_F04_NC320P3D3_TGGATT_R1.fastq.gz
F05_HS303P3W1	plate4	/scratch/ac32082/03.FescueHeatStress/00.data/fescue_heat_rnaseq_raw_data/13680_5751_179186_AACGKYNM5_FescueStress4L_F05_HS303P3W1_ACCGTG_R1.fastq.gz
F06_HS315P3W1	plate4	/scratch/ac32082/03.FescueHeatStress/00.data/fescue_heat_rnaseq_raw_data/13680_5751_179186_AACGKYNM5_FescueStress4L_F06_HS315P3W1_CTCCAT_R1.fastq.gz
F07_HS316P3W1	plate4	/scratch/ac32082/03.FescueHeatStress/00.data/fescue_heat_rnaseq_raw_data/13680_5751_179186_AACGKYNM5_FescueStress4L_F07_HS316P3W1_AATGAA_R1.fastq.gz
F08_HS320P3W1	plate4	/scratch/ac32082/03.FescueHeatStress/00.data/fescue_heat_rnaseq_raw_data/13680_5751_179186_AACGKYNM5_FescueStress4L_F08_HS320P3W1_CAATGC_R1.fastq.gz
F09_NC303P4W1	plate4	/scratch/ac32082/03.FescueHeatStress/00.data/fescue_heat_rnaseq_raw_data/13680_5751_179186_AACGKYNM5_FescueStress4L_F09_NC303P4W1_AACCGA_R1.fastq.gz
F10_NC315P4W1	plate4	/scratch/ac32082/03.FescueHeatStress/00.data/fescue_heat_rnaseq_raw_data/13680_5751_179186_AACGKYNM5_FescueStress4L_F10_NC315P4W1_GCCACA_R1.fastq.gz
F11_NC316P4W1	plate4	/scratch/ac32082/03.FescueHeatStress/00.data/fescue_heat_rnaseq_raw_data/13680_5751_179186_AACGKYNM5_FescueStress4L_F11_NC316P4W1_CCGACC_R1.fastq.gz
F12_NC320N2W1	plate4	/scratch/ac32082/03.FescueHeatStress/00.data/fescue_heat_rnaseq_raw_data/13680_5751_179186_AACGKYNM5_FescueStress4L_F12_NC320N2W1_AGAATC_R1.fastq.gz
G01_NC303P4D3	plate4	/scratch/ac32082/03.FescueHeatStress/00.data/fescue_heat_rnaseq_raw_data/13680_5751_179186_AACGKYNM5_FescueStress4L_G01_NC303P4D3_CTAGTC_R1.fastq.gz
G02_NC315P4D3	plate4	/scratch/ac32082/03.FescueHeatStress/00.data/fescue_heat_rnaseq_raw_data/13680_5751_179186_AACGKYNM5_FescueStress4L_G02_NC315P4D3_GGCTGC_R1.fastq.gz
G03_NC316P4D3	plate4	/scratch/ac32082/03.FescueHeatStress/00.data/fescue_heat_rnaseq_raw_data/13680_5751_179186_AACGKYNM5_FescueStress4L_G03_NC316P4D3_CACACT_R1.fastq.gz
G04_NC320P4D3	plate4	/scratch/ac32082/03.FescueHeatStress/00.data/fescue_heat_rnaseq_raw_data/13680_5751_179186_AACGKYNM5_FescueStress4L_G04_NC320P4D3_ACCTAC_R1.fastq.gz
G05_HS303P4W1	plate4	/scratch/ac32082/03.FescueHeatStress/00.data/fescue_heat_rnaseq_raw_data/13680_5751_179186_AACGKYNM5_FescueStress4L_G05_HS303P4W1_CAACAG_R1.fastq.gz
G06_HS315P4W1	plate4	/scratch/ac32082/03.FescueHeatStress/00.data/fescue_heat_rnaseq_raw_data/13680_5751_179186_AACGKYNM5_FescueStress4L_G06_HS315P4W1_GCATGG_R1.fastq.gz
G07_HS316P4W1	plate4	/scratch/ac32082/03.FescueHeatStress/00.data/fescue_heat_rnaseq_raw_data/13680_5751_179186_AACGKYNM5_FescueStress4L_G07_HS316P4W1_ACAACG_R1.fastq.gz
G08_HS320P4W1	plate4	/scratch/ac32082/03.FescueHeatStress/00.data/fescue_heat_rnaseq_raw_data/13680_5751_179186_AACGKYNM5_FescueStress4L_G08_HS320P4W1_ACGTCT_R1.fastq.gz
G09_NC303N1W1	plate4	/scratch/ac32082/03.FescueHeatStress/00.data/fescue_heat_rnaseq_raw_data/13680_5751_179186_AACGKYNM5_FescueStress4L_G09_NC303N1W1_CAGATG_R1.fastq.gz
G10_NC315N1W1	plate4	/scratch/ac32082/03.FescueHeatStress/00.data/fescue_heat_rnaseq_raw_data/13680_5751_179186_AACGKYNM5_FescueStress4L_G10_NC315N1W1_CATCTA_R1.fastq.gz
G11_NC316N1W1	plate4	/scratch/ac32082/03.FescueHeatStress/00.data/fescue_heat_rnaseq_raw_data/13680_5751_179186_AACGKYNM5_FescueStress4L_G11_NC316N1W1_GGCCAA_R1.fastq.gz
G12_NC320N3W1	plate4	/scratch/ac32082/03.FescueHeatStress/00.data/fescue_heat_rnaseq_raw_data/13680_5751_179186_AACGKYNM5_FescueStress4L_G12_NC320N3W1_AGGCAT_R1.fastq.gz
H01_NC303N1D3	plate4	/scratch/ac32082/03.FescueHeatStress/00.data/fescue_heat_rnaseq_raw_data/13680_5751_179186_AACGKYNM5_FescueStress4L_H01_NC303N1D3_TGTGCA_R1.fastq.gz
H02_NC315N1D3	plate4	/scratch/ac32082/03.FescueHeatStress/00.data/fescue_heat_rnaseq_raw_data/13680_5751_179186_AACGKYNM5_FescueStress4L_H02_NC315N1D3_TACCTT_R1.fastq.gz
H03_NC316N1D3	plate4	/scratch/ac32082/03.FescueHeatStress/00.data/fescue_heat_rnaseq_raw_data/13680_5751_179186_AACGKYNM5_FescueStress4L_H03_NC316N1D3_CCGCAA_R1.fastq.gz
H04_NC320N1D3	plate4	/scratch/ac32082/03.FescueHeatStress/00.data/fescue_heat_rnaseq_raw_data/13680_5751_179186_AACGKYNM5_FescueStress4L_H04_NC320N1D3_CGAAGG_R1.fastq.gz
H05_HS303N1W1	plate4	/scratch/ac32082/03.FescueHeatStress/00.data/fescue_heat_rnaseq_raw_data/13680_5751_179186_AACGKYNM5_FescueStress4L_H05_HS303N1W1_GATTGT_R1.fastq.gz
H06_HS315N1W1	plate4	/scratch/ac32082/03.FescueHeatStress/00.data/fescue_heat_rnaseq_raw_data/13680_5751_179186_AACGKYNM5_FescueStress4L_H06_HS315N1W1_AATAGC_R1.fastq.gz
H07_HS316N1W1	plate4	/scratch/ac32082/03.FescueHeatStress/00.data/fescue_heat_rnaseq_raw_data/13680_5751_179186_AACGKYNM5_FescueStress4L_H07_HS316N1W1_ATATCC_R1.fastq.gz
H08_HS320N1W1	plate4	/scratch/ac32082/03.FescueHeatStress/00.data/fescue_heat_rnaseq_raw_data/13680_5751_179186_AACGKYNM5_FescueStress4L_H08_HS320N1W1_CAGGAC_R1.fastq.gz
H09_NC303N2W1	plate4	/scratch/ac32082/03.FescueHeatStress/00.data/fescue_heat_rnaseq_raw_data/13680_5751_179186_AACGKYNM5_FescueStress4L_H09_NC303N2W1_GTAGAA_R1.fastq.gz
H10_NC315N2W1	plate4	/scratch/ac32082/03.FescueHeatStress/00.data/fescue_heat_rnaseq_raw_data/13680_5751_179186_AACGKYNM5_FescueStress4L_H10_NC315N2W1_AACAAG_R1.fastq.gz
H11_NC316N3W1	plate4	/scratch/ac32082/03.FescueHeatStress/00.data/fescue_heat_rnaseq_raw_data/13680_5751_179186_AACGKYNM5_FescueStress4L_H11_NC316N3W1_AGACCA_R1.fastq.gz
H12_NC320N4W1	plate4	/scratch/ac32082/03.FescueHeatStress/00.data/fescue_heat_rnaseq_raw_data/13680_5751_179186_AACGKYNM5_FescueStress4L_H12_NC320N4W1_ACACGC_R1.fastq.gz
